escopo,publicado_em,fonte,via,tema,link
br,2024-10-15T07:00:00+00:00,migalhas.com.br,Google Notícias,Notícia sobre antissemitismo e temas correlatos,https://news.google.com/rss/articles/CBMirgFBVV95cUxNNUJIUk1VbkJtS2RBcVdmUFpsanpkZi0yMGs4dEcxd21SX3RqdXk3QTc4VnVzeGVoVUtfZGpCd2ExTzFSN3ZuUXZtNGs3ZHRaaDB3a0l0NUduckxRcUJ1S2VZel9uVTIyQ3RyTExHNmYzU3JmVU5CNVhhbWRhdzEySnJfbW5yZHc2UU94aUktdmJnZVNXb2l2T2xBSlliblFNVWU4WDZXOHhoSnhxMnc?oc=5
br,2025-01-21T08:00:00+00:00,stf noticias,Google Notícias,Notícia sobre antissemitismo e temas correlatos,https://news.google.com/rss/articles/CBMiogFBVV95cUxON05PR25FdGdwbDFlSTUxTHJ5YlRXRzR3b2hUYmJJblRpNlJubVJhMFZTRXprc05iVVFZWUN3clplS2MzRkNQaXVCcElRbkZybGZUdThtZkFKZF94WXh1dTV6QTYtVmFwTU1FM2RmRWlaMi1vQ0FISWUyZk5GcUFmQ2ZiSUZHdTZXX2RkbXc4a2pLSTEzRW42b3VZRTVvVjJfT1E?oc=5
br,2025-09-12T07:00:00+00:00,congressoemfoco.com.br,Google Notícias,Notícia sobre antissemitismo e temas correlatos,https://news.google.com/rss/articles/CBMisgFBVV95cUxPdXd0cjBDZmE4LVk0TVhzZF9YcXVfeXlOQm9tNUx3b0VoamJDOTNYaUFIclB3MnVLQjNfdlFvblFfQjZhZzNYXzF3NUFmQXJpYUdxdGxYNDVwblpKQVMzcTVmaGZDZ2EtZ2xJXy01NVlUS2k3enVTZjJBVWlqT0U0a3NWSFlUeENGdFRUX1BxQnkxQTBxOGt0UnhDZjNvWlZRd29XeEpQZjBOOC15QWVscm53?oc=5
br,2025-09-15T07:00:00+00:00,CNN Brasil,Google Notícias,Notícia sobre antissemitismo e temas correlatos,https://news.google.com/rss/articles/CBMisAFBVV95cUxNakw2SlhRQmZqb0lHVFMtS3FqeEdxQmI1YW5faEZERzRlMkhGMFVYS0o3MVNBUDk4dm9sN192LUxicXZRcTRJWFl1aGhHbWREYkhfa1RjUkFBdDkxUGhzQVczRFdzQV9zSXRqYjRURnkxUjV6SGpBOU9FUk11dHpHd2lxbnVvZFdpaXlkUzJLdzViNkxJZHFYU3hrbTNydkVjcUh5eGFRYXh1T1VUdzZ2Nw?oc=5
br,2025-11-14T08:00:00+00:00,G1,Google Notícias,Notícia sobre antissemitismo e temas correlatos,https://news.google.com/rss/articles/CBMi1wFBVV95cUxOT3BwOEhZaFpxbF84S0NaSWZDLXYwMVRCZzl6VXRoc2xpNFRGcmtwcUwxeVp5RU93RWloNk1KZGtNUmsyRG1xSjNPWHFLQXIyZmlBZWZrbTdSVnFsUW5WdnZKWUh0elg5bEVzYVBKMlhNTlRVc0ZtUHI0cnFtUU1Jd05tR2F0cko5YVUzLXhOVEhtTEZIZG0wSWdUMjJnbnJaczJCdmVMeURTYXNRQTVpTkptdlJ0WExYeS1VZ1N2bUNUOGUzWnJrend3N3B4bVlpbWltdFFKUdIB5gFBVV95cUxOWUQ0SHd6XzhwT1RVMC1Cb19wa0w3Sk5NZTBGU3Q3VDNrWjJURU5qQTV3VWdjOTJ3UEZCYU9FaGlJYkxDN2RmN1hGOWR4SFFHaGRrRmNDOU85WlRXTEpVMkdjcFRmRk42RFdpa3k2WG42eUduclhiOWFwaTRVMERDN2JNUktKRFFBUzV0VW5CLXhtRjV0T3AtSnh3RHdQa1V1TFNpZ19la0pyY2pCaUN0NFlBSnVsdGROLXRGS3ctekFPOURQYTgydHZmazFRMmhpR29rZHBySzdNODFhWUZOT3l1X3NZQQ?oc=5
br,2025-12-20T08:00:00+00:00,cnnbrasil.com.br,Google Notícias,Notícia sobre antissemitismo e temas correlatos,https://news.google.com/rss/articles/CBMivAFBVV95cUxQQ3J5MWVFTlFXTWFTQzBEV1lkNTkwN0ZhSGZDcDFhTnZLZFdDc0JoX0JHMXVDakQ5VmNROHRleE1QTXZBdC0tNm9yQkc5VFBPX3VhS1VUbi0zdmo4OV9lVzM2WVdrdmtNSFFHYlJpaWVlZXd3YUUxTUdBNzBhcGFtMVFoNngyTUN0TEFYbGxCa0tSSTNxV3JxZkFCVzRsNndZWm4xT3ExQTJ2b1pMVDZlUVcxWUYwMjZTeGx3Vw?oc=5
br,2026-01-16T08:00:00+00:00,Midiamax,Google Notícias,Notícia sobre antissemitismo e temas correlatos,https://news.google.com/rss/articles/CBMiiwFBVV95cUxNV0NhX2FKTkxnTThCRDRVVF9RRFpjUVFFR0t3V0lBZjlVVmQ0RDdNU2RieFRET05kMjJENVFTSXpQOWIyS3dzbXNlWG14VURLR3RHZGdRbDhjMEFSeHBXek1aMm1ZaGlPbHRWQXRsTmJ6bFZ4MXNpalZ3NjRERTNwcVJtQ1EzUUpVMjc0?oc=5
br,2026-01-27T08:00:00+00:00,InfoMoney,Google Notícias,Notícia sobre antissemitismo e temas correlatos,https://news.google.com/rss/articles/CBMilgFBVV95cUxNaUNRWGttbFllRXdvZWdya2haZHhTakZlY1NBZ2V2djN4U2p2cm45SHRkX3NiZFE4UVVUSDZzcHpacFJTQlVEYV9uZE1XRW5uTmhtYnR1aU1kdlp1eVBjSzY3TDdZRFFFQ0NwOEZkSEliU0FZaGZSTjJqNFlmWnpqMHdmeXNiQTVfc3ozY3liZVktQXNER2fSAZsBQVVfeXFMTzJORWtGOXhFa3E5ZUQtVFhIcjh4LWFPNE5aNWVpcXdTQkphX2k1cW9sZ2xhcEJpVkx4bXlETENNbDkzejZYOVFRREY4UDFIRkc2NUphTUJFLURRdjg2eXFVekZURTh0ZVNsYTNEcHV4bVI4UGI2MktGWFJjbGEzQzhMSlk0RnU3aE1JcTZkTndnVjFIcWRfWWVlX28?oc=5
br,2026-02-04T08:00:00+00:00,InfoMoney,Google Notícias,Notícia sobre antissemitismo e temas correlatos,https://news.google.com/rss/articles/CBMivwFBVV95cUxQSWYza0o2TmU2cXVMcFVCMFBzX1RsYnI2ZnluMGFWT1RkcVU3ZVBMY0Q3MlJGRXh1bXlqWkdqVGUtei0wSGNSbXRNYzFVRmtXMm1lRTFsb0x2VUFUa2x0MVVEclVGcDFzaTN5VEl0WDJXVUV4ZGhta2dMdnBCOHNYeThCSFNtNTVOU2FEejZMckdTSlJVMGx6VTVMLW1qYzJHM0pzUHRrUnVlYzAxYWdycjd6cDdFak5vY0x4V3loc9IBxAFBVV95cUxQdm5vNnAzdzJZLUtZc1E4U2ROWkZiVzJET1M0eWdiVXFMZWw4SW9GTUI1bUZzZm9EWU5PS1hxNEVJY05xOXpJLW1IWU9xeVpGQ19qNVhrb05WRHF1OEwybVZ5dFotRGF1U1hYd084VWI0YUlaNUZiZWpReUg5Nk0zRk9ZMGJMQmtMS3BYaVFjX292eVhDcjJVM2FXUlJucXpCdlFUYjhfaWlEbzAwSURaNm9fX3plMjNqVlVFejkxZFdhOEFj?oc=5
br,2026-04-01T07:00:00+00:00,Brasil Paralelo,Google Notícias,Notícia sobre antissemitismo e temas correlatos,https://news.google.com/rss/articles/CBMirwFBVV95cUxQMlAzck91cUJjeEdsMEFZMENtbUtmMmtPQ1hpc0x2T1V5S2ExeXE3WGhSYl9kNVIyZXdfMTNNVjhRZV8xazJtd1prZlcyU01yQTZYZXIwVm9hZkFKT2ZwaWF0LTJUUDA5MWQ4RndXSHBvX0lnMmZBMnJmLUlzWk9sdHhvYm1semFtXzRCeWdieXBCNzU5aVVkeXVzRV8tdWFwWThJOTF4MGVBQjlNcnZ3?oc=5
br,2026-04-03T07:00:00+00:00,Crusoé,Google Notícias,Notícia sobre antissemitismo e temas correlatos,https://news.google.com/rss/articles/CBMie0FVX3lxTE9EVUZZa0o3RG5KaTNOSGw1M1RPZW8zcGhnRUx0aGlSbWVXMDE1M0hHTkdpTDkzOHNXU09fZWd6bGMyQXEtNTJKLWJRTDJWT0hEdVRhQTNxSXBjWS1ER3dSc01ETzZ0Z0ZWVG9oZDJMdElJQnN6bjZhMUhHMA?oc=5
br,2026-04-06T07:00:00+00:00,Migalhas,Google Notícias,Notícia sobre antissemitismo e temas correlatos,https://news.google.com/rss/articles/CBMisAFBVV95cUxOTktaT3ZFdVRGMXlicVNybzZIMnlnZXI3cGJyeHplQ0xHYjF0N3ZrNkN1cnQ1YjBFVGNOMlR6S0l1OEdRSnhCYnNiWTRsVndtaTkzUzEtOEhFc1k5a3AzdGhWM2lQQUMyZ05LZThsb0pJOVI0VWx3VUpVeENGeS1FRUpZdy14QjU1TGpTdGpTSmRCbnhSWUFRQnlkeUFJSXFEOWd1ZzRVYzFzT0QtdjlRSw?oc=5
br,2026-04-12T07:00:00+00:00,Jornal GGN,Google Notícias,Notícia sobre antissemitismo e temas correlatos,https://news.google.com/rss/articles/CBMihgFBVV95cUxNSVl4UDNSUm9vejFEeXhPMTJEczFBcU5pT0FaR0JrNEp6OGpMcjg0b3lTYzhsSm4xeXlNejk5RGJWLVNDU0dFd2F1LThYYk5fSWRzZGlLeE02ZngyTEIzNFhDeUR4SjFVbExtVTVmdEZtWG93M0VaYWdPbUdEeXRteFlEQzFNUQ?oc=5
br,2026-04-28T07:00:00+00:00,Diário Causa Operária,Google Notícias,Notícia sobre antissemitismo e temas correlatos,https://news.google.com/rss/articles/CBMiiwFBVV95cUxQZzNyUWk4TG5PMWRVX003RFZfcXRydUNrWHNGNnV6UU1qc29mTTh6WnpJbDl6bXlhZkRVV205dGczUmZOMlRnWERWQXNwbzVEV1lJS21LeTRwT3lXMTJtaWpaUU9KRkV5dTZHX1FJcWhaakNaQWpwMzBzaHVLN1lYZDBzTDJLdGJSNWZV?oc=5
br,2026-05-08T07:00:00+00:00,ojacare.com.br,Google Notícias,Notícia sobre antissemitismo e temas correlatos,https://news.google.com/rss/articles/CBMivwFBVV95cUxPUTZVcEY1clFNTXctcmVBZkdMWDZfSmd2QWw1TURMRzJXUXF5cTlxcUwtRFJLa1RQMWpVdGtwMEpPbFgybUcwRHhxS2ZuUWkyaklzZHBZbFpBSkRHdm40Z1ZwNmVMOGp4MU42NlRNSmdTdVJPdnRKYW9nS2FsVGZxMjV5X29qbEtxcU10dW5TdUc0UjItSHRuaTAtT1d5VzRacGpZRldHR25OWVFEc2lKMjBJNkNPVi1MMDhNb1ZPNA?oc=5
br,2026-07-12T07:00:00+00:00,Poder360,Google Notícias,Notícia sobre antissemitismo e temas correlatos,https://news.google.com/rss/articles/CBMihwFBVV95cUxOcFVWS2JtUHlWSmJfZUFzY3Rqc2NTTVk4RVJqSGdyNC1ZYXZwZ1NmS2dteGVxbkhwSlFHSlBUd0ZwdHJsOXRTa2tfektWLXJsUnZ1Y3VjVFhHYUQ5YkxKd2ptdk1tSXBHMzdUS0xQNWRiZjF6eko1Z1hpaVBlQWtHTGk0bVlyaDQ?oc=5
br,2026-07-14T07:00:00+00:00,Consultor Jurídico,Google Notícias,Notícia sobre antissemitismo e temas correlatos,https://news.google.com/rss/articles/CBMivgFBVV95cUxOWGdWeThnNkRzekVRQTV1aURoWDZzZWR6eW5TNDVjbVljeG12UHh6eVBsOVNhT3NfNk9kcW5oenpGMG1zUXI4aXdrVWdRWnlaMUJXVDB1ODRiclA0OW0xb0k1d2k5V25LV1ZsVmtqRDZ6VHlYRGFCWGMxQmpTdFFzUFU4M0tibTlYUXBlQzZ3SmxyRUxEcm9wYm5EbTFLOXRHa1cwSnVjbHB5cFR0Nlh5eEEzNnJ6YmZYOVY4a0Z3?oc=5
br,2026-07-17T07:00:00+00:00,Diário Causa Operária,Google Notícias,Notícia sobre antissemitismo e temas correlatos,https://news.google.com/rss/articles/CBMikwFBVV95cUxOY1ItS2VfUk1EOVJIN21EcVc5V2xEV2tnblY5Umk3TGFMVHBrTmpIQnFNbWh2SlkzdDdicUpyTXF1MFhyRVFQNFgtVm1JdzhRcEpBSUF3OXlrYXE3N0pSRWpTZ1JKX3VVc1g2MVBqYkduSW0tVE8tZVpjQ3JiOUZXbnJZNHBPYndXR3RDalMtUEpIa1U?oc=5
br,2026-07-20T07:00:00+00:00,Campo Grande News,Google Notícias,Notícia sobre antissemitismo e temas correlatos,https://news.google.com/rss/articles/CBMivAFBVV95cUxPZW9XaDZkcHE3MVNxWXJ2RkRfemljS2ZGenczZGo2cERqY05wWUd4LVZDbERJWnpoblFZd0tPeERTZWFTMjZ4dWczaWxMYWJvQjlDXzB5ZnllNFNDU0FQVGdRZFdkVG4xYy1LMERFQVY2czZMQWs4a0otOG0wUFBZcG5ET2NFSU5mOGlYRW9NazJFSkNxLUFWTEtxT0RkblQzRk5Cbm9kQ0tLMnptN1ZOdWZfcFc4YVY0VENEWNIBvAFBVV95cUxNb1RDQm9CWjUyd1p3Nm9DeXRpM1dDNGRiV2NNM0ljaDQ4QlZacGVzN3JUUGEzU2VGUkVMVElOeXYzUGZsb3hsMlR6WFdCcW5WZWdKZkhvTUZHQW5JaHJwVVpqcFFLXzZwVUVoZEVZdTJEbXpaQkt3bXpyeUhzOGUwZ2FlWW9oZ2I3bGd3dzlXdzFkbncxR19TLU1QN3YxaDdCNEx4bEljTGJNbHBLblFod1FsZllIRHl5VHYtYg?oc=5
br,2026-07-21T07:00:00+00:00,folhams.com.br,Google Notícias,Notícia sobre antissemitismo e temas correlatos,https://news.google.com/rss/articles/CBMimAFBVV95cUxPbWQ3S3oxZ3BaUnEwMnVjSHREelBYY2lhUTdUazBQWGxrUHV6Rlo2RUZSNWQxRW5uOXYtSVkxdDdCc194dVRvcnZjYVQwTHZESXJSZW11RlJaY2RmamNVX2ZmWGRNYnB6TW9weWZidnhjUHZHOXM5ZHZmb2RYaXJIQ0ZqTGg2dHVvbklTTnVncFlPZ29pZWNIOA?oc=5
br,2026-08-13T07:00:00+00:00,CartaCapital,Google Notícias,Notícia sobre antissemitismo e temas correlatos,https://news.google.com/rss/articles/CBMirwFBVV95cUxOLUZWRkY0NzB1cVVqbGxORnJFLXROd20wUHNIYWx1OE5mdHN2OWRBcG9uY242bHVkOEJ3UWx3VlJnWlJGZXpLdGJ6NUlhMmN3YVJRS3gwTVFiclYtdDBxUG50ZEFvQXhiSndzZEVnVmhSaHVUT1N2eUtiWFhENEdMeHVFY2hMcE1LcXlVVFhvYVA5T2tfX1VUMTNUU3pXWC1GcEhkZDlxX0JZeDE1NFM0?oc=5
br,2026-08-14T15:00:00+00:00,Mangue Jornalismo,Google Notícias,Notícia sobre antissemitismo e temas correlatos,https://news.google.com/rss/articles/CBMi4gFBVV95cUxQdk93MUNzUWJYX2NZcWl3STRONy14T05xN1lGTkhSNE1ub0trZ2s1YnNySTZCTnB3NU01aFA5ZXhJZWh3dy0yeGwtLTVZcFgwMDlmd2YzV2hlODN5NjhKd3FqMGR5MDlEWU1UZE1oaTVvaFhMRDU1Z3dNeTBFTFE4SGd3azEybU9TcEJzMy1uU0lRc1NGS0FPT0V4YVBreHdOcnZCamRmcDF2ekliSVl6REpRU1FKbWFhZW5ORTV0OTlvVXpHRWN5Q3A0alJZNU5BMnYyaUd6S2w0VkJCVU15dWJ3?oc=5
br,2026-08-18T20:11:03+00:00,VEJA RIO,Google Notícias,Notícia sobre antissemitismo e temas correlatos,https://news.google.com/rss/articles/CBMiswFBVV95cUxOSjUtSGpnaFVwMDZyNkRvZFBuMEdfbGtMQ3MxYzAxcDdmb3l3VVRBSFNvcFhMd1BfZU9yQWxpUDdHaEZXbHFTZ0lrTzZtSlpjVDRtTnUtZFFxem5Rbmk1bWVMOGh2S1diQmxNdUZVbEc4QnhWTnRkRjNqeTdWN0M0MC04Ql9GaHdoZzBDVGJBNGNYT0NJcUtrdENxWXI3Tk15dXduckJ4eDgyWHc5dEhOOEczYw?oc=5
br,2026-08-25T17:12:00+00:00,Folha de S.Paulo,Google Notícias,Notícia sobre antissemitismo e temas correlatos,https://news.google.com/rss/articles/CBMivwFBVV95cUxNRVY1bkt5WU9mSUs1cXlIcFVjMEx2Rnk2bWQ0SldRM1VEazNxbFI0N0wyWFZzMTRMNXI4WldrU0M4QUNsZWs4QlY3bldmcVZVR1ZQU2ZfTlhWdDhKT2dfZ0stVTZzVWdpNEx4b20zUHJtT1Q0bXAzU29PNFNWX0dTWFF0OTZCZzl0dVd6aUIxOUU5cnFwczlwcEZ0WjNMbUNNSUh6X3lTekk0akViZnhzRVk0R1Z2Z244SF93WjRDNA?oc=5
br,2026-08-27T01:56:15+00:00,Alma Preta Jornalismo,Google Notícias,Notícia sobre antissemitismo e temas correlatos,https://news.google.com/rss/articles/CBMioAFBVV95cUxOTmM1d0g5RUJuNU91Z25TVGU5N0pocWV1OUFKNlhOSE42YmpaN3dwT1lJbkJuX0Jzb3cyQUcxTlNVNnVfcG9WekphRWtCeEVjQ1Fzb1ZRaWMwZFdCdjU3U3hVemhPdHJyaVVxMkZJQU5HcFZmZTNmM2tfYm1XdUZ6TFFZZWIyMHlNdVBfY3pjN2xkVEMwMVU5d3l1M09UR1lv?oc=5
br,2026-08-27T14:33:00+00:00,portalporque.com.br,Google Notícias,Notícia sobre antissemitismo e temas correlatos,https://news.google.com/rss/articles/CBMitgFBVV95cUxNYWxFU3MxX2Q3VFM1QkxhUWMza0tLVzNqbEZHSGpRdjhubmZlYXJBRlhDakxZRjE4MVJESkRtQVVhX1RKQVZZSVU0YmU5UmtoMlNhVF9HYm5Tc1Fzc2hENi1pcDVxWUFEWWZDVzV5ZGo3d2xnLTJaeENacDBhcC1lX2hxOFBJVGN6aGk2SUpLMmFMT3dnZGJxZ1dsNWxWRFR1Y0ZOV1BqelZYUlV0eGw0bi1Qc1lxUQ?oc=5
br,2026-08-27T15:35:00+00:00,Blog Cenário,Google Notícias,Notícia sobre antissemitismo e temas correlatos,https://news.google.com/rss/articles/CBMisAFBVV95cUxNbjhxMVpwMm1VYnNYVVB6S2thTk5BRVdKcTlHNUdURm5WU1FJVlZFeDNXUWU2bk9vOHRQOXpsR2c4cVgxWmFESUk5Qmt6U2hIQTdPQmJjakZKakFhcHktcmw0X1ZTX3FiS0ZqV0YtYnlsSDJ5YUdtNnVwN0VQWlkwRmpsUGxnbmpVcWFKYVFZanpfS25SYzU1ZWo1bVVYR1lyeUtKZTBtT2pmclFJSFl0ZQ?oc=5
br,2026-08-27T16:40:00+00:00,Prefeitura de Itabuna,Google Notícias,Notícia sobre antissemitismo e temas correlatos,https://news.google.com/rss/articles/CBMi2AFBVV95cUxOdTd1bnk4TXJEbzBtcWhzbUZnLXlWZjJST19nZVZUSHdJRnpkR0NqN3RkMVZhRkp0U0lhdEsxY2ZVQWhIZ3U5ZkFVbmF2Z1pZT1ZBTVptRTA2eFdyaXBHUTVNZDJjSm1SMUVSdV9qOWZlQ0xpSm95MzNlZGdpaDdQUkc4VTk5ek9xRWYzNnUxLXB2UlVsNWttcERVOHdBeTZXNnFIai1Fb2xwTVdKVHVFTnBoVDVIdjIzekpMZV81dGNVRVZlUGs4ZDNBU2pUc2RaeTROZUt6RUo?oc=5
br,2026-08-27T20:36:00+00:00,Folha de S.Paulo,Google Notícias,Notícia sobre antissemitismo e temas correlatos,https://news.google.com/rss/articles/CBMi0AFBVV95cUxOWEp5WDJJeTZWa0dxd1ctak5JOUNzd1dTS0c3QlNnUFM2Tzl5VzVqajRnaDFseFR0QUNoVlBocWFOOHlfREdoMGlqalJfNFp0RHVHSm9aaGFDSGdCZy12am1oYmtYQnFrMGtDek9TUjFTQS1VUzl5MktLamJIMHhEZG1DTjROVTA0Mkw4dnJubVJhYmxVQVZsWXJQdkt4OFpTUUlRcmp3aHVIaTM0WjFjTkl0eWZhaFBnVlRzRGcwZVJSdXhRbmdwMUFrLVIzbVE1?oc=5
br,2026-08-28T13:03:20+00:00,www.gov.br,Google Notícias,Notícia sobre antissemitismo e temas correlatos,https://news.google.com/rss/articles/CBMiigJBVV95cUxNQm8wTURDbUpOeDYzdkxkT2MzWGxpSXNNTl9qRlVvVk5hTzFPRVM4Z0ZxaUxKWTFOMTd3V0VFSy1zWWhKWW1MWmQtS01EYXVxYTdGaWp0Mmh4LUFXNWVYdkxwdEN5akhkLUloelR0YlB3WEtjbWs5WE41aW43MzhVLUJfNUNoNHZEWDVXcm9rRThmLVNhN1oxenpRS2lNZ3JlcUtld1ptc0N5R1pmVDc1MWZweXg3dFpPV3lFMUxFblVvWlhKel9VUDJvZ0pZMjZyTDdyb2NnNktrdDM4dHM5SjV3MjU2NDFCcmx0SlN0NGJvTHE1WHZoaDlhSFJaTFhUWHRyTXZqaVo2dw?oc=5
br,2026-08-28T13:59:00+00:00,O GLOBO,Google Notícias,Notícia sobre antissemitismo e temas correlatos,https://news.google.com/rss/articles/CBMiswJBVV95cUxQZ2FubVhDNUZrNWVfNGJZQXpmemdnVzNqRl9SbVI0VTV2bzFTX0tfeGx5Tnk5QmNOSW44WVdOMFJvOHdkUFhQYWtUVkx3NldVdkRMY3Fnb2dKVkZraUtzdFBBU0Z6MkRHc3JGYy1id0o4Smxuc2drOG8tTUNRRHVWQmw5QUw4bG1wdU92ZWlkTHMya0lROHZ3bWtMRnpEel9KcmFUaDNObVFUMGhTUVN0eVl4MFFkWHpXWGpVaERrOVRiczQ4OUdRUmtlc3BIVjJsbWt5eWxVSURjMldBUmJVblMtN2tWZDhFakdwQk9nd0g5azZmb1JNSnh2Q2llQ0pJY21aeU1WLW9QTXNwQWxkNnVFWFNvZ09xRGhVazRzQ25aMDZNYmY3OFV4UFJEajJ5eklB0gGzAkFVX3lxTFBnYW5tWEM1Rms1ZV80YllBemZ6Z2dXM2pGX1JtUjRVNXZvMVNfS194bHlOeTlCY05JbjhZV04wUm84d2RQWFBha1RWTHc2V1V2RExjcWdvZ0pWRmtpS3N0UEFTRnoyREdzckZjLWJ3SjhKbG5zZ2s4by1NQ1FEdVZCbDlBTDhsbXB1T3ZlaWRMczJrSVE4dndta0xGekR6X0pyYVRoM05tUVQwaFNRU3R5WXgwUWRYeldYalVoRGs5VGJzNDg5R1FSa2VzcEhWMmxta3l5bFVJRGMyV0FSYlVuUy03a1ZkOEVqR3BCT2d3SDlrNmZvUk1KeHZDaWVDSkljbVp5TVYtb1BNc3BBbGQ2dUVYU29nT3FEaFVrNHNDblowNk1iZjc4VXhQUkRqMnl6SUE?oc=5
br,2026-08-29T13:58:04+00:00,Combate Racismo Ambiental,Google Notícias,Notícia sobre antissemitismo e temas correlatos,https://news.google.com/rss/articles/CBMi3AFBVV95cUxOZTNVcDQ3TDBxdW5jb2JvNXFnTEhyZmJCOGdqSjNlbTNPSUZQMUt6dUx0RXhZQy1TTC1oVFQyNWwxVHVVaUpnUGlxVGtUc0s0Ul9mbUJ4OHJNT2hJNGpMZjJaQkJ2SExpcjctdElLMFpjN3lnYlJLclEyMWN5R1NWR2NHUHlReVBwcFJmb3l0OGJhNi1aTjdlNnZqX2RHMzQ3ckxjeUFra1l6XzRKQUlCbXNLcHhoclVJVExjc3lXTjdFZ3Q4ekhKejBqWUQzczlqeWtGU004NWdyZGlq?oc=5
br,2026-09-01T21:20:00+00:00,Omelete,Google Notícias,Notícia sobre antissemitismo e temas correlatos,https://news.google.com/rss/articles/CBMixgFBVV95cUxOY01ESGFQTTBPWFJDQUVSSzN2X0hfb0l6ZFVhQWpWTHplRDdHa1puekp5RXlJNjdqSE15NDY3ZG5uNHpnM1NjcTRET2NialZ0cnFOYVZBdjdRODQ4M2pnbnBUMmVCaWpTdU1pZkVUZHh5YlBQNEJQOVY1eGVHa21oajRqaVdSU1hWNjZwdmdwSjQxY0NPXy1LLWl0NVptVkVEQktpRzVDcmlNSUtNVzR1cXQ5RHhmaVJlWGd1LTZQbU5nNWxEcXc?oc=5
br,2026-09-02T09:54:00+00:00,Correio da Manhã,Google Notícias,Notícia sobre antissemitismo e temas correlatos,https://news.google.com/rss/articles/CBMi5gFBVV95cUxNQURoUU5XLUZ2dXlwSUxQWkd3dmh3YUUxRUR2bE9ZWE1uQjlFR0xCNXZMNU9jMW5IZWpKM1pYTEJIN09Pb20tUzEwSHlGMFBDZnFaZnF6di1ERnQ2QTdCdllxWUozSW1IWXdIVklBbXRiOGJ1amxYYS1SYmRxZFZ0eEg3MmRzUEZ5Q09EckRONlFaS18wbTFqeG4xMDdfNm90eW1vT1BiLVpwejBMSXZ1MDIyRUVJczhrM2N4YUpwS09ib1pkeHZjQU8tTWQwTkJFelNUXzhhNnYzZGRPckxVWU9KTjJUUQ?oc=5
br,2026-09-02T09:54:00+00:00,cmjornal.pt,Google Notícias,Notícia sobre antissemitismo e temas correlatos,https://news.google.com/rss/articles/CBMi5gFBVV95cUxNQURoUU5XLUZ2dXlwSUxQWkd3dmh3YUUxRUR2bE9ZWE1uQjlFR0xCNXZMNU9jMW5IZWpKM1pYTEJIN09Pb20tUzEwSHlGMFBDZnFaZnF6di1ERnQ2QTdCdllxWUozSW1IWXdIVklBbXRiOGJ1amxYYS1SYmRxZFZ0eEg3MmRzUEZ5Q09EckRONlFaS18wbTFqeG4xMDdfNm90eW1vT1BiLVpwejBMSXZ1MDIyRUVJczhrM2N4YUpwS09ib1pkeHZjQU8tTWQwTkJFelNUXzhhNnYzZGRPckxVWU9KTjJUUdIB4AFBVV95cUxQRG1pOEtYZnRWdW12bGVWcHBLeXpmSDB4Z0FmZUsyYmtEcGstQ1Y4RGU3Q2JWaktDNy1fdXRwZUJSZ1JqUFhBaGZvWWhnSGRNNGNqdG9DVHJBOFo3RldFMGFpckM0NTliZURrME1UbzhiWF9HVG9ia2puVEZnY0RqQlRvT2FsZi1PS0M2WFllVXpvaVM2SWhNMC1QOTJiZjF3LXZ4a05qWTVGcDEwY0M1Q2NpUEYyUndDUFlDMzdzWE5lTHVDTXdkUlJhU1RXNGJDNkZsWnFEaHhPa0ZRVDRSbQ?oc=5
br,2026-09-02T11:18:58+00:00,g1.globo.com,Google Notícias,Notícia sobre antissemitismo e temas correlatos,https://news.google.com/rss/articles/CBMi7AFBVV95cUxNNUdKdDhlN3RndHlaQUhNNnlpYUk0WUJLcTh6NWFVVTZhdm4tdkRVMGtiR0ZmNm5oWlpIVHlWMWVpeE9QZkxiak0zZG83Ukd6QmNVeG9uUG5wVjhTczJZdmhEeXBrNmdPWTZtckVGYXRtQS12YjB1OGg4STJFZk94blE5cmtEV1pPampBekNIb1VfdUN0YjJDMG1mWXZRU3VobzFHdmE2WUJNbUM4blBGMGY3NnlFVUs4TXBSNnBzY3Z0Z2NrcjJ4clBpNnFrQ1FIOUZuaTJwbFFjdFdmcy1MSjg0VnBZX1V6RzhJQdIB-wFBVV95cUxNbWxvamc5b2xEOE9iUEZhajJsTnRrRkhZWXJrM21pNTBoaUJzLU9zQnNrcDVHTXVlUjMyenNRV1VvbENDdklhTFhpMVJKMXNpd0NnNElUVmxrYVBDb2Exc3VUNFdkMmhNekdPUHJjSW1HZjc5MDJJcGl6aU1wQmFxLUthWEdSNU9ibExGZ0s1cklBNVpSTVBTLWczRW5xUXFzMHNaenJRSUtKcFNsS1huTl9RaEhjQzhPWFFSakIweXRlWEd5Zkc5TGd0bXNrdnJZNE1UVFpsX2hiYnBUd3JmMm5kelVyNF9UalFTM3dJSjhWbDllZW1RYkFTMA?oc=5
br,2026-09-02T15:44:00+00:00,Brasil 247,Google Notícias,Notícia sobre antissemitismo e temas correlatos,https://news.google.com/rss/articles/CBMiyAFBVV95cUxOQkRwSkRIZm42dTZzdnNjeTZOelBnZ2lrUnhPUGU5bXJaMzRhV0FhMmswS3hJVGRUVEJZTFNnUmxxWEduZldIMDhsZEVHTkx1ZFU5bW9jSHA3Z19HOTA1NjQxcWFZOE1sd1JmMWxXWXdOQWhQaWFFY1h0MHdKbVVSY2Q4Vjc3aklZdEhKSEMyN0MtMGtfd2VBNkZOWHFLMHp3bnZ3MVZPdGgyQjY3cndwWG40dlBKMUtDTkVMYldtdGMwaHJKVlRRRg?oc=5
br,2026-09-02T16:18:00+00:00,Correio Braziliense,Google Notícias,Notícia sobre antissemitismo e temas correlatos,https://news.google.com/rss/articles/CBMi1wFBVV95cUxOOHJRQk1QR2dtYmwyMkkweXppbkUxTDRma2lFU0NEcFFFYll5VkZ0Q29mZEtWZ2o2ZVlQVTd3TWNya1FpQ0NMQnNPcmZ6Qm1OVXZLQjlZTkhQcUlrZVRiZGRaWDRJWHVWVGY1WUt5V1pCcHAxc3dWdU5JRTJhNXRna21PcWZpQ3hxbVo4ajcyUmhzdW9qT0FkRnhrMm12Y2RlN1hMeHJIbXF5TlNBLWx1QTNJNERwZnFfSmJOVTc5LWlMSjBsTFl2YmNfT1piSFpFRF9QZDZ1RdIB3AFBVV95cUxNdk1jR0xjaGNxQ3FNUkZ3SGJNNE1nVG9OaldLbEhoSE5rUFFtWVhIN3ZXaVp1ZzlFQUhHQzVsZS1lbG9RZW5BaVV4UXc0ZTc2cHc4VW83bWI0QzQwN2I2dUVoQ3BLTnVGWnlCSW5UeVctQkhZTnNfS1hZOThuNElTNDFFUmJPelU2dVhfbjBJRVVFSW16N0ZPTzl3TF85ZW5IeUIwTVJTNXFfMGo2T3VCMmo5ZWhnOFlQRUdpZXY0MXRJRlp4NmE0a19jRllxNkd5Sm0ya1JDcWY5UzRC?oc=5
br,2026-09-03T15:06:55+00:00,TAPAJÓS DE FATO,Google Notícias,Notícia sobre antissemitismo e temas correlatos,https://news.google.com/rss/articles/CBMihgJBVV95cUxNLWtBam1odWhFYXdRc2VkYm5ESmR6clJ4N3ZJTlY4WEZIQ0d2U0dTUmk0eVlhbWVfNGtGYVZmVmNKY21nNDAxUFZITlpLY3pETGZsczBuWHVaUzF5MFQ0RGY0Qi1kelJoNmlydGtmYXpheG5uU01qT1BWU2xvMWtia0MyeE5wQV9SRHhySmFrZ0tmU0N2VHl2cE5FWTd6TGt3LWQ1NzZXQ0VOd1JQT0s2SUliVUJQVGxrbmxuSHlqRmoxZVA5eTMzREJEVjA0WnpWZDZBUUJsRGNDazJPSXpMTnY4aXA2OVV3a1JzdXhCNjFEcFdyQUV2N1VHUzlZSXNBZExjcjZR?oc=5
br,2026-09-03T15:47:31+00:00,A Redação,Google Notícias,Notícia sobre antissemitismo e temas correlatos,https://news.google.com/rss/articles/CBMinwFBVV95cUxPcUF5NjJyYWNkUDhOTmI0UnJXeWJyVHdsMnlSckFaaGd0ZmtYQnBkbC1TdmpNQUY4THY2UmpnMXhxRDFUX05SRTJGT256T0N0YXZ2X0FoWlpMcFAwSVlCWU9Lczdhd2J6djh3VFlBQzh2cGR2UjRkRGpyRXpCVWFiY3JrRm8yMUo1aElqMFY2a3dwRE9qQ0k2QjYwRjkxX0E?oc=5
br,2026-09-03T18:29:26+00:00,iclnoticias.com.br,Google Notícias,Notícia sobre antissemitismo e temas correlatos,https://news.google.com/rss/articles/CBMigAFBVV95cUxNWWJudDllbEJIRFplcGFhUFJiOHN0QlB6STVJTUpnTV9ZSWRiYmxpX3FYSTBsTXBmX1V1OXpaQmlRaWFTclNKbHJldTJiTkdyd0VjV0dqTThsdV8zNVRxaC1UeVI0WXJGTHdwVFFsYmVjZDdqcHB5NjdySFF5aGRnbA?oc=5
br,2026-09-03T21:00:00+00:00,Estadão,Google Notícias,Notícia sobre antissemitismo e temas correlatos,https://news.google.com/rss/articles/CBMikAFBVV95cUxNYW5NYWZHMGFjOFFZVHVuYk9weWxxbFREUTd6dXIxaFh4UEVfMGJlZXZpcHdjbjJhSWhncVRtelpxVHVmUTYxR2ZrRG1wSmQxLXZlSEg5b2xzWl9obERpTzJ2eWl3aGpiRkU4bjlSUUxiVEhWQ085dFE0RHRTRndHSUJBUmhnb1F5UVdjbGZvZ24?oc=5
br,2026-09-03T21:00:00+00:00,Estadão,Google Notícias,Notícia sobre antissemitismo e temas correlatos,https://news.google.com/rss/articles/CBMixwFBVV95cUxOd0JHWm5EMUlNTlo2NW8wYlY2dTBPSGpNSGY2eU5tclVETGhJSXdRSXc1OTdVeWZWMnFzVEx2dXVEU3I5V1BfY2NxTDNRU19neVlyOUlkRjlib1BUVTFpY3hJQjVnR1RFQVp0Z1pxUFZ5a0I2TFpKeTlkZ3ZTVXFtblhiZS0xWXdDY2RFTXpiVGtKR0R6dEszNWg4Y2RMWnhaaGRtbDFJX3lLdVIyMDZyRGdzbWdNc2J4SzJvVDlzQlJNb3JVUEw00gHMAUFVX3lxTFAtSEIxWnAzc3pEVlc5OWgza2NjVEtUTVBHU1FLdnlqN0VERTV0Q0ZrZnVEc0kzaURuVXVnajJqN2h2RTBLTTVBOEFuX3FWT3pIdXE5QTBjUWI0anJmMGJJaFl4anU1WTBrOXdnRHlHTWdhMTV2R3VpVW55THlZczRjeGhXeGRhUW5GaTFFNWNQWjFqVHlQSWVGV0lEdGtDR3JfV0tXWXRpSGVTZHdlN2p3LVVzWjhfcEVGQlZmTFhsMTRzWUFEaUppVXNCMw?oc=5
br,2026-09-03T21:56:00+00:00,Diário de Goiás,Google Notícias,Notícia sobre antissemitismo e temas correlatos,https://news.google.com/rss/articles/CBMiygFBVV95cUxNamJBQW96SkxSd0V2VDNDR1pNb3pqSnN5YjRYdE9PLU5oMEJfNFAtZk5ReHdJMHBvYnh6LXNYV1JuWW5IZWtKckh6NWdscklzMl9valVicUlvdlVweXIyNUtNN3BBd3FPeHlxM1B2eFVzVlZqSk9lcmVJMXJGZDRac1h3M045alNZN2dWNHhWZ0NWLW1LelJDRXhKYW9LTk81RUhyUi1oMXF4aHUzME5xU3hLbEI1T0hfeHU0YThITFlsMEx0TUYxOHhR?oc=5
br,2026-09-04T10:53:31+00:00,O GLOBO,Google Notícias,Notícia sobre antissemitismo e temas correlatos,https://news.google.com/rss/articles/CBMi_gFBVV95cUxORHZ1TWVTb2xWcl9aSjlxU19Kd3B6WnJyeHl3bVBEakdSVWdyYlhFUFdicTlnNi1Hb3pPcGNRemgzd3JiR2lLSks1cVlTUG1HdXMzdVVwalYwZHBtSGdBWXVNWURmd2tpaVlJdUtlS2hLN0d1WHRPN253cERlXzFXQlJ5YnI3WTRjWGFkVWw4REpQazBxZHJoNTNSX1JfYV9zVjhVNTZQUTkxb21CTWd0Rk00QUs4UW4zNEdqZktyVHg2OGVvQWxoMm9uMnhyRVhseTh0SVd6QnI0VnhXcnFPeFVIZmJEWjRuQTZtUTFLVEM5bDBGbGtQRWgxQm51d9IBjAJBVV95cUxOQ0tYLUEyU0J5aHBHZkRxdVN2NFNONEk1VUhyVVlRQVZCem90YVBpXzZZT0ZfdW45NHJYVnVGeWI2Tl9kVno5c2xMWFZtcUREUEpiRFhIeXBCUGJCdWU3OEU0M2FaZ05MT09YQUZnMExkMkx4V1F0Zkh4Yy1HbFpQdjh5TVctQXE3NXBMcXFmVHk0TDNkVzhJUzVqTS1VVkl2LW00SUFxYlVNWnh2RUVCeXlwVk9oYmJEcFVPdGpsMncxWWhTVWZxOWZKU2NpZzR3cnRhWFF6V2RianhURVJxV2dDNUxfLXYtYWpuMEdiT3lkejZZakp1YkVLb1BCdTh4Rk12VEd1cVRtOFdQ?oc=5
mundo,2026-07-17T07:00:00+00:00,Corte Suprema de Justicia de la Nación,Google Notícias,Notícia sobre antissemitismo e temas correlatos,https://news.google.com/rss/articles/CBMiW0FVX3lxTE1CVUhHUktwcENybXdZa192bG15RlBqLUhjS1ppaDNEbUs3dWtWdjVGeVhiZWVVZVRVV3EyYjRycGxuTjBhOGFjZjhsVjd0YkZaN002Unh1c0FyWEk?oc=5
mundo,2026-07-19T14:14:33+00:00,Fathom Journal,,Notícia sobre antissemitismo e temas correlatos,https://fathomjournal.org/critical-theory/
mundo,2026-07-28T08:36:20+00:00,Fathom Journal,,Notícia sobre antissemitismo e temas correlatos,https://fathomjournal.org/jewish-bund-ghosts-vs-living-jewish-state/
mundo,2026-08-13T07:00:00+00:00,Politico,Google Notícias,Notícia sobre antissemitismo e temas correlatos,https://news.google.com/rss/articles/CBMijwFBVV95cUxQNFcxX2ZXdzYwM3N0cDM4NHdKTEFlellUOWJXX2tSdHdNU2gwSEE4Rkc4dGVWdlZaMzJtSnY5UVVhQkQ1QkViYkE5Si1oLWdvV2haVEFyNVRFZlZUZ3VzYml1RWdHN0ozbWQ1QUpEY1NFVG5LeEJycW10QXk5MUpUWVdNVWV1YzdrcHZEVDU2NA?oc=5
mundo,2026-08-14T07:00:00+00:00,NPR,Google Notícias,Notícia sobre antissemitismo e temas correlatos,https://news.google.com/rss/articles/CBMieEFVX3lxTFBhZ2w2YTBJNGF1TEU0dHFrN25BV0xhUkVvQjBsS3B6VjNkM3ZNOWFVYi10NkowaUtXVEJ6NXV4Mi1ONmgtcVN5TXA0aG5LRGxQOTZBZE8xaEZVWUYyeU1yTnZoYk5QNE1QeTJ2dmRHX1p1MTF5YVktYQ?oc=5
mundo,2026-08-15T07:00:00+00:00,TF1 Info,Google Notícias,Notícia sobre antissemitismo e temas correlatos,https://news.google.com/rss/articles/CBMinAJBVV95cUxPajFfYWlNaHAtNzRXOTRLVXZHblBoQnRPN3VNc3ZiMVd3ZU1hZ3JuUFUwTFdHMWVnLTQzSUVTMUR6YUh1UnF4QWdFVC1nQnJNTFhZbWdKb2hoU3plZThDTXlNODVFSkRSc2hPVjFLLU9iNXZDa1BaUnlBaTJLSHU2eE9GNy1QcVQ2UnRRT2hEcmJkMDNNODNzcmlaVE00YWdZRjhwR3FSS0g4N2Jraml6Z2FoWWF6eVFjbGFxb0UtTklzWVAxWW44ZjZOX1N6SFJVR3UxZkJDb09nNzhfblNTaFF3OGlQQ1F1bmRoVXA1Sy10TlBjZjhJZVdNRThZOU9RRHRTRDlFdXRkRzFvZFdHdElEdjJIUkZuUGdvSA?oc=5
mundo,2026-08-16T07:00:00+00:00,Clarin.com,Google Notícias,Notícia sobre antissemitismo e temas correlatos,https://news.google.com/rss/articles/CBMihwFBVV95cUxPcld6SVJmd3M0R1lfZkpNSW56WjdQelZXa0gtN21PdnQ2endxQWJhNzhUWmxvUkNZaTNZb2k4Z0FDVHR5UEFIVkNocXdudndBT2h1NGlQdWM2UlN4MEM5aGdtNVl0SmNGTkVvcHZUb1RrcEdBcUl6RWdaaldWUUFFYXBnUk1TSjg?oc=5
mundo,2026-08-17T16:13:14+00:00,StandWithUs,,Notícia sobre antissemitismo e temas correlatos,https://standwithus.com/news/rabbisunited-stands-with-central-synagogue/
mundo,2026-08-18T19:07:27+00:00,StandWithUs,,Notícia sobre antissemitismo e temas correlatos,https://standwithus.com/news/legal/eeoc-uic-jewish-israeli-faculty-harassment/
mundo,2026-08-24T22:19:47+00:00,StandWithUs,,Notícia sobre antissemitismo e temas correlatos,https://standwithus.com/news/center-for-combating-antisemitism-to-train-haverford-community-following-landmark-settlement/
mundo,2026-08-24T23:13:00+00:00,CBS News,Google Notícias,Notícia sobre antissemitismo e temas correlatos,https://news.google.com/rss/articles/CBMiqAFBVV95cUxPNlJoU1Z3N21NZUktV1JzLTc3VzRoV1Yza2lEN1FhaWJBdVlHZ25nSjhNVWhDZ2hNUjJJdXdhMHRpUXFDaGdHeUdKTWJyZmJsdHJUMGdWZ1BQN05ZVU5QOC1ZVnNuaGw4R3FuSXFoSkt0SmhIMEpVbGdoU0Jmck41cENZUEs0ekFNT2tOVU9oeDNMQy1pRWhqT0hEcmZROU9aanYxZTVab2w?oc=5
mundo,2026-08-25T11:48:48+00:00,itongadol.com,Google Notícias,Notícia sobre antissemitismo e temas correlatos,https://news.google.com/rss/articles/CBMi_AFBVV95cUxQbUhqQUpONkFiU0tmaWlhVFBwTFBFT2MtUm5VOV9rQm5sSzBPdmhRYlRkc3JvN3lla3otSE54ZVJEYi1WbXpxd1BiZkhJQUR2M2d4RWRGdnVnSUtHTVNuNFBxVDFaWk45NURoeTRMT1BmcjVlZ2o4dHFRSXJVajM4M0ZuQlJrak91NXRzRmx4WXNYNlgtNWp5WFl5alcyTEstYXViUkZoYlRVUXN0ZThDU1lTd1FHQlFHbFpCNE1LenFObklQVFRIWHpvMXhTS3Bid3pBRldBbmZaSUlQeWJ5NG12cnBLS2NaRDMtVWt6YkZ6aVc2RGMzM0FZOGw?oc=5
mundo,2026-08-25T14:18:35+00:00,Perfil,Google Notícias,Notícia sobre antissemitismo e temas correlatos,https://news.google.com/rss/articles/CBMixAFBVV95cUxOMXQ3cFh5VDVKeC1vRERXSjN6OXdsSElXZFdqNEROVmdqRjJUQTBSRkVrWWtkUGNiZDItWFI5YU5kNkQ2enhOWG1VdHBmUGlmTEJCbkRlcTMyVmJWWWVkMmRScm5DcHJKem9yWWxvT2lxQ05yV1RnRmJPcWRfYWZtNXFZaVQxbkRMb1hZMHZaYWg5SUdwVVNhS2pUYmNzS1M3czFlaXd2ZjBmLVFzRDUtQTY1a0QtM2QwZXpxOU0zSEFOMXQ40gHKAUFVX3lxTFBkYURRWVIyb3hQam03Ry04bWtRc3hzTlBRTWhJZ1llYWRWa0NDMEMtdUQ2Nll1MHNMMURRWldrME5RVmVjSHV6NWd0cGhZQXl4WGhaQTBobGJwQlQ1OERkTGItVzJxSGl6Ti1HUE9lZzlyMXNGbGotSE9Ed1Q3Q21zTEFZdHotUE8zNU5DV3BkYnZITTVLbFVpRkI2T3F3UC1QTjZoQm9PM0hJN3RTQ0MxX2dOcE91bjhNVWk2SzY1MWoyVndER0NUVUE?oc=5
mundo,2026-08-25T16:09:54+00:00,Combat Antisemitism Movement,,Notícia sobre antissemitismo e temas correlatos,https://combatantisemitism.org/cam-news/far-left-podcaster-hasan-piker-blames-jews-for-antisemitism-calls-israel-jewish-isis/
mundo,2026-08-25T17:04:25+00:00,La Voz del Interior,Google Notícias,Notícia sobre antissemitismo e temas correlatos,https://news.google.com/rss/articles/CBMiqwFBVV95cUxOdWFkQ0ZEV1N5Uk9sYldBWVNZbUpaSDc1WF90Y0RoNHZiVEgwaFEteUFkZVFuSnFiSzR5dDFjOWxtc1FhVF9VeGY4OGFwXzY3YU9iQ3FmZjRqZ3d2REkwTThtZmJkN2d4NmI3QXNOdzFrcTV3WFUwbmpsNTJEVkdYRXNtTkhZVHJDNVNSeEtSZlNwZkJxczlGWFEzQUd6Wk1vcTBnTEVvZ3J5RFE?oc=5
mundo,2026-08-25T18:05:16+00:00,StandWithUs,,Notícia sobre antissemitismo e temas correlatos,https://standwithus.com/news/how-parents-and-kids-can-foster-jewish-educational-spaces/
mundo,2026-08-25T23:12:00+00:00,Infobae,Google Notícias,Notícia sobre antissemitismo e temas correlatos,https://news.google.com/rss/articles/CBMinAJBVV95cUxPb1BCd005TkhLQ0tGVTJtNUJlMDRvTkQwdkl6a3hEamtKa082TjZKZHl6cHBCLW1UYlMxOGEtdk5Ua0xRUEx4amdhRVI5SEhleEQyVExXb0thSFpSTU91eXgyUXJGSmpyVWxKb0V6dnZRMzJOdUZ2UU1VRkhLSU5CSFZxdUhwS2tpZVhGZGYzcm1LQnR0eDF1S0RuMmtUUHhSMUk2QWxJRXZYVi04STRvRl9mWVpBMkgyR0lCYXlzaXh3MDRneWlpQ3ZjMzFLWU9Cckg3WmVHRW5QLWFTOGY0dF9ob3EtWjBWRVRvUldqVW50XzZ6YWIwUVJrOGdjUnhWc3J5MHNJUTV6bU1IdkotMHA3RVJLQzVadlpEWtIBtwJBVV95cUxNQXM0bzJLTWpTdktHZXY3N094NlBmZnlkV0Rrd3p4aG5kbnp2cjBta3IyMXZUMnhEY25Wa1o3Q2gzMzJqSTVxcTJLM1otYmdCRm1PMW5HWEV2VTExNVJCTVRfYmpLVXpVX1NFbnVvNVhNRUdVTTM4RExIWXJtdndNY2w3SUNGb1FINkRJcDdlRWVLZWp4SjR2c3JzQmJ6SWJDaWJmd09TUThMTWZqX3VpdHRjRXRKSmRWMFkySUYzY2ViY0EwWGw3dk9DNHhHMXZJLVRVUnA1ZmlOWFp1OWxmLXczWnV6Z3NLcmFFU0pyWVhKZHE0cl9EZlFzeUU3bHdMR3RibFRpOUF5bjZ5cE9sMUFlQklvUHFNQl9zT2NnSEg1NkVxOUxsdlJuNWM4RW9WLUVhczZRNA?oc=5
mundo,2026-08-26T17:19:35+00:00,Combat Antisemitism Movement,,Notícia sobre antissemitismo e temas correlatos,https://combatantisemitism.org/cam-news/essential-to-protecting-us-national-security-cam-welcomes-treasury-department-sanctions-of-far-left-terror-groups/
mundo,2026-08-26T17:53:06+00:00,VTDigger,Google Notícias,Notícia sobre antissemitismo e temas correlatos,https://news.google.com/rss/articles/CBMioAFBVV95cUxPSmY3ZmNEeXZya1dBNVlFSVFBZklIbUNqOWQ0am5tMkdZQU56bHZKQVZfZ2diMVZKdmJBY01keDRKVFB3WENGVVc4c2RnTHQyMWlyYlJydjNUbUdoZDNlZFRMWlV2U1RNWUJwN0xwdkQ0OEpYSnZHZnpwLWZyNGIyb3NzZEFzbmZkR1VSOGhTajJjVkFmVURlU3NTYXhydkNf?oc=5
mundo,2026-08-26T21:36:44+00:00,Jewish Telegraphic Agency,,Notícia sobre antissemitismo e temas correlatos,https://www.jta.org/2026/08/26/israel/second-reform-synagogue-in-israel-has-windows-broken
mundo,2026-08-27T04:05:00+00:00,Lyon Mag,Google Notícias,Notícia sobre antissemitismo e temas correlatos,https://news.google.com/rss/articles/CBMirAFBVV95cUxPTV9ETXpqVnZvUC1LV05JV2hwVTJNSERfZzFldW0xVXB5enVqMEZ6RzBUelJDRWMyWlNuWnJvdGp3clhhR1RBY1NYZC15WVFhd19MaDV0MndiYUg2OFBPWC0tdC04dUhKYWg0YWROMVRETU5MaWl3TFY4c1k3aV9xbjN5Qm16d01fdmxiOHFoTG13YVRBVTloTVQ4eTh4UGp2SDJYYjFXQ01kRUhV?oc=5
mundo,2026-08-27T05:00:00+00:00,Britannica,Google Notícias,Notícia sobre antissemitismo e temas correlatos,https://news.google.com/rss/articles/CBMiWEFVX3lxTFBxRnNldnFQbVE3amVrY3RtZHJ1OWo2cHRkemVuY1c0SGNBYjVUQTdhX3JJcnl0RWFPUHdBZFh4Rm5YSHlNRExrTkZuQzhkYjQxNlc5cnRIT1E?oc=5
mundo,2026-08-27T05:56:35+00:00,Jewish Journal,,Notícia sobre antissemitismo e temas correlatos,https://jewishjournal.com/culture/arts/film/391627/before-auschwitz-the-forgotten-nazi-program-that-paved-the-way-for-the-holocaust/
mundo,2026-08-27T07:41:29+00:00,EU Fundamental Rights Agency,,Notícia sobre antissemitismo e temas correlatos,https://fra.europa.eu/en/news/2026/fra-contributes-webinar-holocaust-and-latin-america
mundo,2026-08-27T07:48:58+00:00,France 3 Régions,Google Notícias,Notícia sobre antissemitismo e temas correlatos,https://news.google.com/rss/articles/CBMixwJBVV95cUxOXzFlTVA5TVNHbHprY1pJeGFvbXZ1Q1NMbXJwRFBPM0hIaGVHYkpCOUlQMFViN2dmZHBYWU4taVI4ejdzZGFiaFE4TlRvUjhvenhqRnNCRmNTaVI3d2phcnI2T2wtT0k4WG5rUF9aRlRVQzh5UmlxUDVKcTJLUHdOMktpa3FyZUpNUXI4Yk1YbUhOWmVTaGp2VVVGU2lvbk5IaGF2M292NEJlOEc2UExOMGF4clI4RUxfTkVGazRlTS00X0RoZzdrZ202NEV1RHRRNDhsRjI5a3JIWE1WRC1GenR0RmUwbkUwU09pMWhWMnZnbHZJWFdwd29GYWVySDJFcWpvQXY2NURyVFJaRV8zY0pjS0lIOEV3T3plT1B6bEQtb2pGeGNZXzVfOHhkMXVxYURmWll1MkF1Si1US1ZkaFhRVDBGSEE?oc=5
mundo,2026-08-27T08:50:48+00:00,The Forward,,Notícia sobre antissemitismo e temas correlatos,https://forward.com/fast-forward/846989/dolly-partons-legacy-includes-the-jewish-childrens-book-program-she-inspired/
mundo,2026-08-27T10:00:03+00:00,Bloomberg.com,Google Notícias,Notícia sobre antissemitismo e temas correlatos,https://news.google.com/rss/articles/CBMiogFBVV95cUxPcWdCeC03aEtKQWVTcGdzbUt4aGNrWFJKZmVHMnJGQllERzY0Z083NXR1YXl2RGRNbTdLYnYtOGRoTUVlSUxHdFY5amhKVHo4YmlMTXllc25IMTdCQ0dNV0JWTmlUUjFYSl9LUlk4QmFvX294bHJxRlJtYlV6eTRqSzdEQjVKeURjeHVxa21DRHc2N0RFbGtubkwwUVlueHlyQkE?oc=5
mundo,2026-08-27T10:45:00+00:00,BFM,Google Notícias,Notícia sobre antissemitismo e temas correlatos,https://news.google.com/rss/articles/CBMihgJBVV95cUxPT01vUjVPZGtzOEwxTVdabndDRWxpd014aEtMTjY1UXVIckM2amJ5SWZRNHlOV0x2WnE4dDg5VTZBY0kyNnNmbXJPSmpEbjY1N29OOFNsaDRKYmpscm1MTDFsLXJpS1ZYdkFPOTVnUGtHNTlOUHQzNVI5ejYyTDFRaGlQcllqV1JVaUVZMGt3ckZQaHNJRTRFZU8zOVowSXpXWjRHelctNi1UTzZfU0RYb1U3VThoSWw3aXBXbFlmMThIMm9lUlBjdEFiTDM3dWdpZE5NODVYNXRiaFpQMi11SEpHZmEzaXBFa0xYU0pRUkFCQ3laRmxGX3ZuWVE3WnY1akl1VDJ3?oc=5
mundo,2026-08-27T12:00:00+00:00,ONU News - Perspectiva Global Reportagens Humanas,,Notícia sobre antissemitismo e temas correlatos,https://news.un.org/feed/view/pt/story/2026/08/1854192
mundo,2026-08-27T12:23:56+00:00,Jewish Telegraphic Agency,,Notícia sobre antissemitismo e temas correlatos,https://www.jta.org/2026/08/27/global/in-a-forest-where-jews-fought-the-nazis-a-german-military-base-and-lithuanian-politics-encroach-on-memory
mundo,2026-08-27T12:30:45+00:00,Combat Antisemitism Movement,,Notícia sobre antissemitismo e temas correlatos,https://combatantisemitism.org/cam-news/cam-chief-government-affairs-officer-lisa-katz-recognized-as-2026-jewish-changemaker/
mundo,2026-08-27T14:00:17+00:00,The Jerusalem Post — Diaspora,,Notícia sobre antissemitismo e temas correlatos,https://www.jpost.com/diaspora/antisemitism/article-906694
mundo,2026-08-27T14:01:04+00:00,Combat Antisemitism Movement,,Notícia sobre antissemitismo e temas correlatos,https://combatantisemitism.org/interview/new-film-seeds-of-doubt-aims-to-fight-antisemitism-before-extremist-beliefs-harden/
mundo,2026-08-27T16:17:22+00:00,Jewish Telegraphic Agency,,Notícia sobre antissemitismo e temas correlatos,https://www.jta.org/2026/08/27/politics/california-could-become-the-first-state-to-list-jewish-as-an-ethnicity
mundo,2026-08-27T17:04:20+00:00,Anti-Defamation League,Google Notícias,Notícia sobre antissemitismo e temas correlatos,https://news.google.com/rss/articles/CBMid0FVX3lxTFA1cDdRc3Fqc1J2OTBzcU5wdXdTSFVkODhpUG9tQ0d0WkhLeEppbGhFNFRRQjNLWVdqNVBLTnlQaG1KVVk3ZVk4MUFLSTBYbllmSklyOUpnVVdWeFN4Y1lMeExQWGpjbTQ3VW13a3VCcmdJaGUxbHhR?oc=5
mundo,2026-08-27T17:28:35+00:00,930 WFMD Free Talk,Google Notícias,Notícia sobre antissemitismo e temas correlatos,https://news.google.com/rss/articles/CBMirAFBVV95cUxQVksyMUhmUTVpck91VXcxS25JeTZ5ZHpISm03ZTY4d2Y0OXZWSHI2MU1QWDNKYXFJbzNFZzB4RFNsZnVTTEtsS3p3WV9IT05RUXJMOFRzRFc1U3VPNUdjTE4wSjBZN0kybHJmeWk1UTFpZjUxM3ZTRUxWcFlVZ01lTW54R1Z1ekF6T1huYzZyUktMNnFySFUwTWp6enFHUDdHbDJxazZsTjZaVHNy?oc=5
mundo,2026-08-27T18:09:22+00:00,Combat Antisemitism Movement,,Notícia sobre antissemitismo e temas correlatos,https://combatantisemitism.org/special-features/analysis-as-hostile-world-turns-cold-shoulder-israel-finds-new-friends-in-latin-america/
mundo,2026-08-27T18:10:18+00:00,The Jerusalem Post — Diaspora,,Notícia sobre antissemitismo e temas correlatos,https://www.jpost.com/diaspora/antisemitism/article-906821
mundo,2026-08-27T18:22:06+00:00,i24NEWS,Google Notícias,Notícia sobre antissemitismo e temas correlatos,https://news.google.com/rss/articles/CBMizgFBVV95cUxPWThhbXJ0SVF2ZFRPbUxQRHIzV0hIeGU5M2x1X04zeVprMVZ1TFB0RDdDb1pLcGZuS2hUT2RTQmlPbENfRk9FWlZublRUV0toTXVWdW1xU1VUTnBrcXlJNENJbGExdkJ1a0tDT2phamZmYzVJLThUVktReGttN18zNzQxZ0xyUFd6Tjg0Ni1Gek5nMFMxWnpNdXctdGc0M2pWcC1QWmRRbWMxU3JUc3FybkIwc05yQno1ZjBsUUZkY2JHM3ZIR0pmc1RKTFFUdw?oc=5
mundo,2026-08-27T18:57:54+00:00,The Jerusalem Post,Google Notícias,Notícia sobre antissemitismo e temas correlatos,https://news.google.com/rss/articles/CBMiakFVX3lxTE5XSlA3ZmRUUmRNWm5URzE5dUhXVDZQcVBnZzJrMDUxZ1p2d0x1dXlJRE1HeTZOVWJwNmxhQWtHNzVpRm11QVYtSFBKUmtNaFJfR0lQd0s0RnhTVlByXzlvOW5sVnlxZjZnWGc?oc=5
mundo,2026-08-27T20:30:09+00:00,CNews,Google Notícias,Notícia sobre antissemitismo e temas correlatos,https://news.google.com/rss/articles/CBMitwFBVV95cUxOYXJsbFk0YmtnQTBhN1pmdEdrbEhHcGxpbmVRNVRucWpIa0ZjMTZIRTV6Q3ZMTGVqTzBlSUI3T0FqaF9fVmh2M2FPR1dZbWhDQlVWRkNkelhfZUkxTnZZdU1lOUVjOEJTVWNCeDF4ZXo3MzFZVG5jSFNlVE9uU3lmeU5xSXhEV0VxbGJOcjNtR2dyLXMtQ1NpSlJLWWI4ZG5KRE0zbVI0RG1zMEJINnM3RWNBWGNTUkXSAbwBQVVfeXFMTUw2cXBZSnBCcXg0SGgtUFVyeUJyLXNib3htSWJKV1ZZQmtDdjFxMjdLUUU0YTlSVHdMZy00RUNGazZBRjl0RDhtdzg5Yk53OWJlUWJZVnpXVF9xVzdVZG5rQnJXX2NDbEZPOFRmTU5BQ2JhYkV3VHltdG53Vm9RVjhaVnVKWlllZGYyOGxRMWhLaXlYUDE0TVJ6c1U5UkE2RkxvZUplOG1BWEh4Nkx5UTFTb0ZHZGo2blZERGg?oc=5
mundo,2026-08-27T20:55:00+00:00,jewishaz.com,Google Notícias,Notícia sobre antissemitismo e temas correlatos,https://news.google.com/rss/articles/CBMi-gFBVV95cUxPUzlNeXVOalM1TmpTTjdmbzljTE02TnpnTWxSRU5hejA3dGNmdUx2aXFPcXRkbzBvV0R5OHRSSFZDN0pqMEMyVmZLSHVXZnVDUkxUd1JQdlVJbW1OaGFMWWJCVXJTcjh4WXIxTERXN0NxM3RpbmpOWEJGZ2Y3QUphS2w0bE9Kc0ptNDVQenRMYV9NQmsxVWNXZ2dpaWVwYVFONElBTGlnUlU2VXZNQ3lZOC1YUGtGbWl4ejRPclJZa0hzZU5RTVZUbWxGdl92aFhDWE9TZFN2WURHSlM0ZjFXVWhvSFBNQWVrd0JjN3BJa2k4aWpfdkZ1YURR?oc=5
mundo,2026-08-28T10:00:37+00:00,The Forward,,Notícia sobre antissemitismo e temas correlatos,https://forward.com/news/847058/jewish-farmers-planted-ancient-seed/
mundo,2026-08-28T13:40:01+00:00,Combat Antisemitism Movement,,Notícia sobre antissemitismo e temas correlatos,https://combatantisemitism.org/cam-news/at-festival-for-palestine-in-norways-capital-participants-defend-hamas-and-call-for-resistance-against-israel/
mundo,2026-08-28T14:00:07+00:00,melty.fr,Google Notícias,Notícia sobre antissemitismo e temas correlatos,https://news.google.com/rss/articles/CBMi3gFBVV95cUxNVEROQXU5WEVybklfWFlTbEFZcDE4Um13amtzZi1PZXlfcGJPS3Jtd1BIdlBTY0w5MFFDeDhQcUFpbTg3MF9fY29OYnZRcU9KUVZhWkk0RDF5ZmZRdnpvMm51d2FaXzF6ZkI0Ukg0VnREMHRUNkRwVUpacExrSWFUbTZSMHY5Q2JUbjJFaDI1cjZvNjJWOHZZWU95TVZobGMwLTA5bUpTSnVyWmlnTTBMSUVXQ2g4OXNtNUJOZlpnd2x0cGRjLVVjMTZza0NjVGdTcjNLWDJSVmJiQnQ1N3c?oc=5
mundo,2026-08-28T17:43:29+00:00,Jewish Telegraphic Agency,,Notícia sobre antissemitismo e temas correlatos,https://www.jta.org/2026/08/28/politics/vance-whos-drawn-ire-of-jewish-conservatives-will-speak-at-republican-jewish-confab
mundo,2026-08-28T18:54:53+00:00,The Algemeiner,,Notícia sobre antissemitismo e temas correlatos,https://www.algemeiner.com/2026/08/28/four-men-plead-guilty-arson-attack-jewish-ambulances-london/
mundo,2026-08-28T19:12:02+00:00,The Algemeiner,,Notícia sobre antissemitismo e temas correlatos,https://www.algemeiner.com/2026/08/28/award-winning-australian-writer-claims-bondi-beach-terrorist-attack-was-not-antisemitic/
mundo,2026-08-28T20:48:25+00:00,The Jerusalem Post — Diaspora,,Notícia sobre antissemitismo e temas correlatos,https://www.jpost.com/diaspora/article-906831
mundo,2026-08-28T20:55:55+00:00,The Algemeiner,,Notícia sobre antissemitismo e temas correlatos,https://www.algemeiner.com/2026/08/28/idf-reservists-debate-new-yorkers-israel/
mundo,2026-08-28T21:40:32+00:00,The Algemeiner,,Notícia sobre antissemitismo e temas correlatos,https://www.algemeiner.com/2026/08/28/jewish-israeli-humanitarian-groups-mobilize-help-nepal-devastating-flash-floods/
mundo,2026-08-29T01:10:40+00:00,The Jerusalem Post — Diaspora,,Notícia sobre antissemitismo e temas correlatos,https://www.jpost.com/diaspora/article-906927
mundo,2026-08-29T01:27:53+00:00,Jewish Telegraphic Agency,,Notícia sobre antissemitismo e temas correlatos,https://www.jta.org/2026/08/28/united-states/milo-yiannopoulos-right-wing-troll-with-links-to-popular-antisemitic-figures-detained-by-ice
mundo,2026-08-29T13:29:27+00:00,The Jerusalem Post — Diaspora,,Notícia sobre antissemitismo e temas correlatos,https://www.jpost.com/diaspora/antisemitism/article-906945
mundo,2026-08-29T18:55:50+00:00,The Spectator,Google Notícias,Notícia sobre antissemitismo e temas correlatos,https://news.google.com/rss/articles/CBMieEFVX3lxTE9wUnJFekRuc2ZLS2FJT05VUXdXT3FlSjhDZl9hNGQwMjNUdzFtbXV3OWV1T2FtYWdDRXdPZzM1RWJlR1NlZFZnWmIzTEpfTU5VRTQyOXZPcTlWYnhIUkNCY2ZOVHlHV1UyNExCN0pMRlZyODhBTjB1cg?oc=5
mundo,2026-08-29T21:12:56+00:00,The Media Line,Google Notícias,Notícia sobre antissemitismo e temas correlatos,https://news.google.com/rss/articles/CBMixAFBVV95cUxOYi1xWU9Jam5kM09HNTBtam85R3RhRm93SzlGeEdWWV9la211UFBRRnZDaURzMWtzNkllWEVQdFYwSW1oZDF2andaakFlT21RN0Y0cFUzcmZvRmZxbzJBMV84cGwxNmROTTVDNHJLSUdkbFFpZTVvX0UxNDM5Y1ZNOGN4MDROX0RaTWlyZ0ZYX3VoUWFOU3pTLTFHQnV3YkoxVXRUWVp0ZUp4QmptdnBlSVhFLXNrWS05WWIyZEoxSTdpeVVO?oc=5
mundo,2026-08-29T21:32:39+00:00,Jewish Telegraphic Agency,,Notícia sobre antissemitismo e temas correlatos,https://www.jta.org/2026/08/29/politics/abdul-el-sayed-apologizes-for-his-past-temple-israel-comments-in-meeting-with-states-jewish-dem-caucus
mundo,2026-08-30T00:26:14+00:00,The Times of Israel,,Notícia sobre antissemitismo e temas correlatos,https://www.timesofisrael.com/new-german-military-base-raises-fears-for-lithuanias-crumbling-jewish-partisan-memorial/
mundo,2026-08-30T00:30:24+00:00,El Español,Google Notícias,Notícia sobre antissemitismo e temas correlatos,https://news.google.com/rss/articles/CBMinwFBVV95cUxOWlQ1YzlYaDV3ajMtMVNsWHZfV0V2TmZrR2pYMXEyb2lTNzJPMTc0MkljNkNDMF9yamdLclJ2Q19ZUzM3ZHF2WEtucVYwdzdEOEhXdHpoMUZnTTdZUG9BbHpTam94T0tBSEV2M2szVkZneE9ZTTBLZWs0akRnSEl6dHFsQmlfZ0xZdG1acXBaU3psMHo2aDRRcXh6Zzc5RnPSAaQBQVVfeXFMUDRhWGJ1SEhhTWtyOVl5YkhmRWx4RUdrMzY4OXRBcnVhWVpzTHZjOU4yaWd1TUlxaFU3UE9HR1pOWUVGNGVUQkV1dWpBMXJYemhaLXl1ZFVtelRPbHBQRU4tRTBoS3BIN2JZQlFELVNTQUJBbktXVmZPbEg3U1Q4MGV4RXB5YnItQXg1UjQzRFpFQ0FkNjlYQmFCcHJiQlB6NmFwVWQ?oc=5
mundo,2026-08-30T00:37:52+00:00,The Jerusalem Post — Diaspora,,Notícia sobre antissemitismo e temas correlatos,https://www.jpost.com/diaspora/article-906847
mundo,2026-08-30T01:19:21+00:00,The Times of Israel,,Notícia sobre antissemitismo e temas correlatos,https://www.timesofisrael.com/abdul-el-sayed-apologizes-for-past-remark-seen-as-justifying-temple-israel-synagogue-attack/
mundo,2026-08-31T07:00:00+00:00,Combat Antisemitism Movement,Google Notícias,Notícia sobre antissemitismo e temas correlatos,https://news.google.com/rss/articles/CBMivAFBVV95cUxQWHgySnZlZXUwQ0xLbmtWZjJINnR2ekYtTFlBUGkyOHZxcXU3cVJOSDlFWW54cjFvT2FWV0R2ZXlJUUNfYWdEZU43NnhSWU1sc2YwUXc0bG0yVllvcHhmRE1FLUJuSXlCVjI0N2NlVHUyYlB6SHRRaFo4MGNoUUEwM2prR3N5dHNOWW81ZUp3U3lQM1BZZmhGaTNrZVF2YnpkYVhEUThUbGpJSlQzSm13T2FoWkloVFpzbi1XLQ?oc=5
mundo,2026-08-31T09:51:41+00:00,EU Fundamental Rights Agency,,Notícia sobre antissemitismo e temas correlatos,https://fra.europa.eu/en/event/2026/webinar-focus-learning-lessons-surging-antisemitism
mundo,2026-08-31T14:08:13+00:00,rts.ch,Google Notícias,Notícia sobre antissemitismo e temas correlatos,https://news.google.com/rss/articles/CBMi0gFBVV95cUxQcUJQRGFNcHUwX0w2R1RGXzF4M09kQXptYy1lNHNZUC1FNUlIUEdfUGRNVnZfZ09rWEN2YzR0TG9WY1FNeUFGbld1V0tESXE0ZFNwc21wRFZ4VjdXajBWVUlsaG5Mc1lWb2hya01rbnU5NFFuMU1TZ1VLTWJvM09BMGk5a3E3Yl9EaDJvZ3NuWG1adTF5WmRGT3JWVEJEaUhBcGtUQnA4MUdZbTV3eWR4VlNFdUhMa2M2aTIwVWtqbmVONHd2M0llMzg4WGc3bHduU3c?oc=5
mundo,2026-08-31T23:20:56+00:00,Página|12,Google Notícias,Notícia sobre antissemitismo e temas correlatos,https://news.google.com/rss/articles/CBMifkFVX3lxTE5ZQnFRemszaUtvdFBmRFJDdC1NYVl0ZVNmZVNrUWxTQU1SY3F0d3hBVkFIUGxobzFSaEIyVmR6ZGVhemJfUVdfVGdNTjVGQ21Pb1REZlM4ZldnRHFpSzB5U2dodDNHRjdaa1pxbXBGQm9vUzNGT1RoOGxueXBBUQ?oc=5
mundo,2026-09-01T01:40:01+00:00,Parlamentario,Google Notícias,Notícia sobre antissemitismo e temas correlatos,https://news.google.com/rss/articles/CBMiigFBVV95cUxNejRDcDBSNWMxZjZYOEJfZndhLVE0M0xCSGM2RjlENVBpRlZpVGg4d2ZsdU9NUFJxdFo4TVlDSTljNU95dzRXVllEbWZiUGhaQURHT184Sk01ckd1dXpNdzg5S2JnXzY2NHJ0bXlxNWFaQk9nU2RHbTBuMl9GWC0wVGh0TVF0ODFzMUE?oc=5
mundo,2026-09-01T07:00:00+00:00,ajc.org,Google Notícias,Notícia sobre antissemitismo e temas correlatos,https://news.google.com/rss/articles/CBMijwFBVV95cUxOczVCT1liZktVOWM1SWZkN0tWanNxWmNfWlpwNXN4NWNESlB3T1o1bUVuM3hCc2RiRGNINHNPaXJQaHNJWjFWNUNSbUphVElEcnNoTGktYmVpbXNWTTF1LXZxdmQ3aXA1Ynlodzg5UkMyMDZBdjlDX3NNOG1JQ0xhTFVwaktvQ1h3MnI2cWRocw?oc=5
mundo,2026-09-01T09:16:57+00:00,Jewish Telegraphic Agency,,Notícia sobre antissemitismo e temas correlatos,https://www.jta.org/2026/09/01/politics/vance-courts-jewish-republicans-but-leaves-tucker-carlson-ties-unanswered
mundo,2026-09-01T10:52:30+00:00,Jewish Telegraphic Agency,,Notícia sobre antissemitismo e temas correlatos,https://www.jta.org/2026/09/01/politics/california-lawmakers-pass-bills-to-address-antisemitism-deem-jewish-an-ethnicity-and-protect-religious-observance
mundo,2026-09-01T12:04:00+00:00,Infobae,Google Notícias,Notícia sobre antissemitismo e temas correlatos,https://news.google.com/rss/articles/CBMi0AFBVV95cUxNWGp3UGRyOXhMaFVYYnlYbDV0RGd3ZGpjRFNwSzFQdXN6TFpZb3VVb0NxcXFCQUV0WWhJa1k5TTBGYVJWZDZFc2wwYXFncDNvbmwtbklmbjZ0YmVDUTVyM0VLYjhEdXNlTkxxdUFYT3BPZ0pCVEd6RGs3T0RRX2NCZWY5MEdZRlpHU0Izel9naFAtWm1BVm81cGVXWF9hc0hmdDJDOUYxeUgtOC1IVTBnblRCR3hCR2tLQlBvNXljNW9JXzRhWVJzdVJTbXBKSXZS0gHrAUFVX3lxTE4wUEcyTkJxdVJfd3hGb2x3SUxUQVpQNEVSQ3RVSDFNa1BZbllieEszVHp0YmE2UG5rd0hQUjh4NnlXUzJoRFRLalpzT1BESFdZMVhsT0FEQTVoeE03NXRLLVlFcWdtNDRqV1ZTTzc3dW1yRlJFbUctcXBVWmVYZnpYSm5YM1o4X0NIS0YwY1ZaalhtbnRvSldzS004eXI3ZHJPbTM2UlF1NERTeGtIb0FvVm5KSjNnLXRWN0VGbkFkMC1qbWRNRHk3VERDNWM0X1FnbjhRSWVJSUhNZV8tX1pfRDZqZVdNOE5RTGc?oc=5
mundo,2026-09-01T14:30:00+00:00,Variety,Google Notícias,Notícia sobre antissemitismo e temas correlatos,https://news.google.com/rss/articles/CBMipgFBVV95cUxQQjlRRWxXWVRlR0dZOW5senZoemRITG05ME5OZ3Fva3h6d242QkRjOWw1aGRmZFFheEFRNGtXSHNMd1RlX183WGFmNjZSTlpCd1NlcmU4ay1mYi0temEtSlJmLVMtUHROMXd5RHR5bkVTUEZTR0w3ejFwSVhjMjk3cGphSnNITEpWLXREVS0xNDFpRkl1c2lwUHA1VE95U2NRNHNwbUdn?oc=5
mundo,2026-09-01T14:42:04+00:00,Jewish Telegraphic Agency,,Notícia sobre antissemitismo e temas correlatos,https://www.jta.org/2026/09/01/united-states/northeast-philadelphia-says-goodbye-to-its-last-jewish-deli
mundo,2026-09-01T15:23:00+00:00,STLPR,Google Notícias,Notícia sobre antissemitismo e temas correlatos,https://news.google.com/rss/articles/CBMitwFBVV95cUxOeHhXM1RwVTMtVDJiYzJuaDVJU0VsMVJHand6ZDNUNENkT3hlWXRlTFkwZ0xTRDlHQXYyVUVOc2piWi1jeUtWNU9zc0d0aExCN0JCeDZGeVVpMVFrZmQ1YWpkTURSOG93cmZPWHZtLV90S2lJanRveXhFc200S3A0cDI3TWJtYzNzOVBvcjRrVEEzWkxoUGZiaV92S1VpXzM0TnkxcHBGN3hLTjB6cGhhclFob254T1k?oc=5
mundo,2026-09-01T16:23:08+00:00,EdSource,Google Notícias,Notícia sobre antissemitismo e temas correlatos,https://news.google.com/rss/articles/CBMitAFBVV95cUxPNG96V0ZBZ0lXMGo2U0Z4d3UzSVdDYWdXcGdESjVoSjJzX3BvWjRTYjhjODJia3NkZEVXNGRzZ3FLXzhlMVhiNVRObFk1TEFNWjVBaFJ4ZXA2TV9JNXdMakRXd3JDRmZ5QU5MWDBCeVdDVDhuaHNjMEdpT3p0Vjc0VEFXUXpJOE4tVWI3dS1NVlBGWlc5T2ViNjRaUFBLM3dRYi1xcDRjY2JiaGpjMzhrNUFleDg?oc=5
mundo,2026-09-01T16:32:30+00:00,Combat Antisemitism Movement,,Notícia sobre antissemitismo e temas correlatos,https://combatantisemitism.org/interview/we-are-stronger-together-inside-rekindle-the-fellowship-rebuilding-trust-between-black-and-jewish-communities/
mundo,2026-09-01T18:07:29+00:00,Los Angeles Times,Google Notícias,Notícia sobre antissemitismo e temas correlatos,https://news.google.com/rss/articles/CBMi4AFBVV95cUxNbDdMdmlyeE1ySG9jVlMzc0YxMlJYY3hEbzQ5SHBXU0JUSnNoQ0I1S2R0TE96TDUwcUpsRmgwdW5CdzFjb2p3X01sQ25UdmhwZmNHQ3dQSk9INlE1YThENW13RGpwc2ZZVmljM0hwVFppQXRfUGl4QzRJYWExdzF3bUVocElPUDBSazJhZExTbjV3VUNOWXBrM0xzQmNvNE5GMzZkS1JfUklZOHRtQ1c3SVJIY19UeXp1NmxfTGFoWVhsU1hLT1dMUkE4Q25vSU56d1h2OFRhd0VPTHFmRklWZA?oc=5
mundo,2026-09-01T20:33:15+00:00,The Forward,,Notícia sobre antissemitismo e temas correlatos,https://forward.com/news/847928/catholic-biblical-association-amy-jill-levine-jewish/
mundo,2026-09-01T23:35:41+00:00,Jewish Telegraphic Agency,,Notícia sobre antissemitismo e temas correlatos,https://www.jta.org/2026/09/01/ny/jewish-leader-slams-bruce-blakeman-for-islamophobia-after-post-of-hochul-in-a-hijab
mundo,2026-09-02T13:12:13+00:00,The Forward,,Notícia sobre antissemitismo e temas correlatos,https://forward.com/opinion/848057/haiti-world-war-2-saved-jewish-lives/
mundo,2026-09-02T13:34:14+00:00,Israel Económico,Google Notícias,Notícia sobre antissemitismo e temas correlatos,https://news.google.com/rss/articles/CBMinAFBVV95cUxONU5rX1VfNlBOMERiWUJWLW41Z0RCcGVjSkJfV2JPbGhLbHNIaGJ3OVl3RGhGM1R1VlJYTlE2bDVoVWM3SVNVVTZ2Q3VkcDd1aW1xRTFnYU9PWllYUXRZOUpwbENYaEFXV3JiN1RvaWw1Z2VnX0gxUU9kVkxMZUlTdVJMYmNvT0R6elIyR0hya2pLWmg4ZnJGOERHa0U?oc=5
mundo,2026-09-02T14:26:31+00:00,RTL,Google Notícias,Notícia sobre antissemitismo e temas correlatos,https://news.google.com/rss/articles/CBMi_wFBVV95cUxQVzVZRFZXUzZneGs4Y2k5Ny1GUVQ4WV9qOUV1U1dmWmcyaENIWkZ6UWdkdXZBQUd0cU1KSGpzVHI4OExfMkktM0pCRFlkN1pWbHlBLW5rYnlrcXozMVlkTmNFWDNGbWUyNk5GaFhpcnNLODRYWUFBNXRwVzllSkxiTVZ0LW1pdEd6b2tPdHhKSW51LXNvcTFJcUJQc2lYeFVGblJZVE9lZlBHRmlQbUJZSmRJUk9QRFE5SF9UM3RDWHBvNW1ZX0x2VUNpLWI3WU5zQkVmTlBNVWcwRS14X1p0LVlCNzBZUjZsRFZkUVRVanN3VWJlbW85NEZUNVZCSVk?oc=5
mundo,2026-09-02T15:00:00+00:00,The Jerusalem Post — Diaspora,,Notícia sobre antissemitismo e temas correlatos,https://www.jpost.com/diaspora/article-907256
mundo,2026-09-02T16:42:18+00:00,The Forward,,Notícia sobre antissemitismo e temas correlatos,https://forward.com/opinion/848105/german-antisemitism-arson-attack-1970-afd-neo-nazi/
mundo,2026-09-02T17:36:51+00:00,The Jerusalem Post — Diaspora,,Notícia sobre antissemitismo e temas correlatos,https://www.jpost.com/diaspora/antisemitism/article-907354
mundo,2026-09-02T17:48:15+00:00,La Voz del Interior,Google Notícias,Notícia sobre antissemitismo e temas correlatos,https://news.google.com/rss/articles/CBMiogFBVV95cUxNSFV6YjNlY3FtUms0TXlBNlNYaXZpUG1Ldzc2UzZHb1ZGTkZiZHNqNklwcDZPWW9zdlNfVVhraFF3dEEwNWQyaW1hcElXcXFxQ2kwa2hpNnhRS1VVS2NWRGRTTHFvYUdkOXY0NWZLUWVBcFVQUnZWYnQtMVk4Y21NeklLYTkwQjJ2SmZ5c3ZMUkxSRFhZMGx6aVY0X3dPTW4wd2c?oc=5
mundo,2026-09-02T18:34:53+00:00,The Jerusalem Post — Diaspora,,Notícia sobre antissemitismo e temas correlatos,https://www.jpost.com/diaspora/antisemitism/article-907359
mundo,2026-09-02T19:43:18+00:00,The Forward,,Notícia sobre antissemitismo e temas correlatos,https://forward.com/culture/848207/joel-shapiro-jewish-sculptor-blue-kennedy-center/
mundo,2026-09-02T20:07:54+00:00,The Jerusalem Post — Diaspora,,Notícia sobre antissemitismo e temas correlatos,https://www.jpost.com/diaspora/antisemitism/article-907368
mundo,2026-09-02T20:30:29+00:00,The Forward,,Notícia sobre antissemitismo e temas correlatos,https://forward.com/yiddish-world/848120/yiddish-project-scholarship-u-s-holocaust-yivo-max-weinreich/
mundo,2026-09-02T20:50:50+00:00,Combat Antisemitism Movement,,Notícia sobre antissemitismo e temas correlatos,https://combatantisemitism.org/government-and-policy/a-significant-step-in-the-fight-against-terrorism-cam-praises-us-justice-departments-seizure-of-more-than-560000-in-hamas-bound-cryptocurrency-donations/
mundo,2026-09-02T20:59:00+00:00,Página|12,Google Notícias,Notícia sobre antissemitismo e temas correlatos,https://news.google.com/rss/articles/CBMi6gFBVV95cUxPZFJFSXdJQmJvRHVidGlzdGlkNEhOQm5tQnBqMFNTU3RiamZJZ1N5dDIzTGJEMG9HY1owalphM3hMejUtQjdTVW40bWtwbVotUF9wM0dIV3BlVEhBcVhGa3FSYTFYcTE2MHEyc3ZWQ0p4aE5teHdHcTdVVzBRMVh4cjZYOGthN0lXblE0UlJBdDU2bGozLXVSQWs3Snd2RjNjV3dUUUxPbi03VVRkNURLSG4zTmg1QXpIeEZLOFRwSVRKTG12eExYQ19JT0FvZ2lvMkpScllzYW8wRFhoRjNtQkd4MmtHa29mcmc?oc=5
mundo,2026-09-02T22:08:28+00:00,Combat Antisemitism Movement,,Notícia sobre antissemitismo e temas correlatos,https://combatantisemitism.org/cam-news/more-than-80-new-york-law-enforcement-officers-trained-to-combat-antisemitism-at-cam-forum-in-orange-county/
mundo,2026-09-02T23:31:33+00:00,Le Progrès,Google Notícias,Notícia sobre antissemitismo e temas correlatos,https://news.google.com/rss/articles/CBMiiAJBVV95cUxQQTIzSzRxZHlVMDllTHI4anpqOTh3TTZXUFlvTDNRRVZKa2NLbmJmeXktdVZ4NTE5bDlWNURnQTRfa1ZfZnJLV25MdkhRWjExSE85MXRRRXFVR2RxMmJVTUdhX1NwYWFZSDc4NElJRnpQTWZneUF1ZExKMGhlaU1ic2xrdjVMSVFxR1p2LThLenREa2I0ckpuSEpPd1pQbFk1aVFTb0t6Q2N1akZUTEVQVHdtSVF6NVQzbzg5MGNPdXZkNlFGZHFNdzdHMmp3dUJOczYyNmlPcWNhNTlIaVBpaFJyNVdEMV9xMmZpbXBabnNRdGliNFpNbURHb09jVWQ5bS15aDctQnI?oc=5
mundo,2026-09-03T04:34:00+00:00,Tribune de Genève,Google Notícias,Notícia sobre antissemitismo e temas correlatos,https://news.google.com/rss/articles/CBMilAFBVV95cUxQZEhyS2taa21MYVNLalBoMzFuVkxCWU1yYWYwbmVnTFd4RW8wMm1JbzdxaTVLMk5xcGR1M0k4VVJiM2dveVFoRzdXN2NZUmNfcVV0VnYxSmtBSm12YTBsZnVSUTVLa1Q4WERRZDNSZDlFZ3czSFBhU1lHLVNnZmFMT2N5Qk1EcmtMZFB6MlhrNFBJTGRO?oc=5
mundo,2026-09-03T07:12:02+00:00,The Jewish Independent,Google Notícias,Notícia sobre antissemitismo e temas correlatos,https://news.google.com/rss/articles/CBMiqwFBVV95cUxNQThDeWhtd3dGWFBLSFlESzd0QXpGR2ZQN2hJdVhQX0ZmcVZqUGdYQjdWLTlYd3V0d1g3ZGRxVDVDYXZyWmJCejNTekpodENadjNxd3ZBVG9VaENYdG5xQmw2Zms0NHZzZ3NsSUdfSkdBQ2lzYnFjQm1FcnM2LTRaNjVVcmJyUFlUZXlNS3pfUERiY2lkYUxRdXlrTkYzdWNfMmcyOUNpTHFTQzA?oc=5
mundo,2026-09-03T08:24:21+00:00,i24NEWS,Google Notícias,Notícia sobre antissemitismo e temas correlatos,https://news.google.com/rss/articles/CBMizAFBVV95cUxNR081TE1ILXFsMVN2VFZHOGFueWd5c2NaLWtiUm5reHgteDV4aV9ZeTRHQkJVaC1IQnVZWFhWbXdXRUVodHFZOEItd25SNW8ydEViN3duNk91VXRaYXRBdlp3NFUyTHU4bEMtcFRINTJTYXBZYlhkYklCUXNLVmRyZUZsZEFhcnpNNDU0d1doSjdGanl6M3NxN2xoVTdqMXQwcnhsbFVNNEttVDlyWnBUQ0UwOTZwSm16a2NVWEYyb0NfV25UQXB1cGZMcHk?oc=5
mundo,2026-09-03T08:47:12+00:00,L'Humanité,Google Notícias,Notícia sobre antissemitismo e temas correlatos,https://news.google.com/rss/articles/CBMiygFBVV95cUxPOFJQQ0hPZGp0ODJCeGxHTTduUjJJRVZLZGd4TVp6amlTOE5NNy1wc2pRY0dWWFE0MWFaY0xkZ09UMHI2b0F1aDA3UHM2VjFnZ2d0b0l0c2pYNUFwbFZSWTdDT2g0NW1KNTYtdFNTZmpYc1ZucUhScVktQ04wc0VMM2RwaVctbHFVTERaOGl0c3ZvNXo4X1BzQ0U0SE16SGZfdTdEUE8wSGNtNWlQVHZYUXRnYzNGSElyUDN5RWpqYnJ2RlR4YktYZGhB?oc=5
mundo,2026-09-03T09:56:49+00:00,Jewish Journal,,Notícia sobre antissemitismo e temas correlatos,https://jewishjournal.com/community/391816/hanging-out-at-the-jewish-american-summit/
mundo,2026-09-03T12:22:26+00:00,The New York Review of Books,Google Notícias,Notícia sobre antissemitismo e temas correlatos,https://news.google.com/rss/articles/CBMilgFBVV95cUxOemdJbjNBRDZZcmczdDR3aWw2U21rMVRhRlhJY3QxRE1GVXlpMnF5cGdtcUVIQ04teHBPWTZ0aC1GWFpmd3FDb29RM2pMNHloMW9QUnp2TFBYQXVpX3hxSU5tZjk2dmF1S1FRVlNmZHpEV2hPSFBPZ0k4U1IzT0hWLWdpeWQ3LVRxbzB0YlRWMXdGVXdjZXc?oc=5
mundo,2026-09-03T13:04:56+00:00,Combat Antisemitism Movement,,Notícia sobre antissemitismo e temas correlatos,https://combatantisemitism.org/cam-news/daughter-of-bondi-beach-hanukkah-massacre-victim-takes-advocacy-against-antisemitism-in-australia-to-leaders-in-canberra/
mundo,2026-09-03T13:13:31+00:00,Combat Antisemitism Movement,,Notícia sobre antissemitismo e temas correlatos,https://combatantisemitism.org/cam-news/after-outcry-over-justice-for-palestine-concert-headlined-by-antisemitic-french-rapper-european-parliament-bans-use-of-logo-by-outside-groups/
mundo,2026-09-03T14:18:36+00:00,Combat Antisemitism Movement,,Notícia sobre antissemitismo e temas correlatos,https://combatantisemitism.org/special-features/analysis-the-muslim-brotherhood-goes-to-washington/
mundo,2026-09-03T14:28:51+00:00,Combat Antisemitism Movement,,Notícia sobre antissemitismo e temas correlatos,https://combatantisemitism.org/government-and-policy/a-true-prescription-to-combat-antisemitism-head-on-us-house-of-representatives-passes-protect-economic-and-academic-freedom-act/
mundo,2026-09-03T15:20:32+00:00,The Forward,,Notícia sobre antissemitismo e temas correlatos,https://forward.com/yiddish-world/848405/unvarnished-polish-hasidic-life-before-holocaust-warsaw-shtibl-shtiebel/
mundo,2026-09-03T15:29:00+00:00,newsweek.com,Google Notícias,Notícia sobre antissemitismo e temas correlatos,https://news.google.com/rss/articles/CBMingFBVV95cUxNdVdEV01aTExnRk4xU3NxUjlwcDg1YkRCTW50eXFpbEVyVE5QbmRDVGRLRV9IRzFwV3o5X0NrVzRCZ1ZGMzdfOXFmbDctV3FNZXhfMFZrbnYwUzlrTUdrU3ZfUlE0R3ZRMU11MVJfbTEyY3B6LW9ScHBITVNCWUIwaFZEY2hUTm5wdWlOLWs4VmV5LUtwQ05sUndhM0hfQQ?oc=5
mundo,2026-09-03T15:37:41+00:00,Combat Antisemitism Movement,Google Notícias,Notícia sobre antissemitismo e temas correlatos,https://news.google.com/rss/articles/CBMijgJBVV95cUxQVzBfTzFieDFWaWF4c2dNOUhWTWI4MFhPN0Y2N2JCdFZQUVFhaTJUelh0UEFEMFFnLWh2RVNwUFI4UUFKRldwSnNwRjhtZ1RfM1JhWWJGVmM2Z1J3ZTR6WXpfX1JNeVFEV2RNTEVuc2hCbmcxU0lSRzNBU0U4emNVcnN3cTRPd0cwRDQ0R1JDMU0xUDZsZnhDeG1GZ1ZiSG5ZM2dMZHZaOC13V29XNlhWRzAxanU0aEpxZnUyRnJXMlg0NlFsU0xpVmFSNzRDcWdFUXhWODlYTXptdnNuWmQxOXNTOTlfZGlram16eklHQ25TWUFteUJpLVU5UVBEMVM2MWNzZ05EcE53a2JrWlE?oc=5
mundo,2026-09-03T16:57:28+00:00,The Algemeiner,,Notícia sobre antissemitismo e temas correlatos,https://www.algemeiner.com/2026/09/03/academic-year-starts-antisemitism-comes-k-12-schools-addition-universities/
mundo,2026-09-03T17:00:00+00:00,HHS.gov,Google Notícias,Notícia sobre antissemitismo e temas correlatos,https://news.google.com/rss/articles/CBMimwFBVV95cUxOWjYzZ2I5Tjg4dlhEbTZienFMcGRaV0lWYkVjQzdKd0hOMUxSN2tlMUs2N1RuWDI3RkpZSVM3UGZwRzNxQ3FNdGo0RFpYdE1sSTZhYUF1dW5yd1NqMGFoVTNxeTc2c1JEQkh6U3gyV210aFFyTmhrcmF1X1JBYWlkM3Q5SDhWcWE2SURnU0VfM0ZjOFBYTjQ1QjdLMA?oc=5
mundo,2026-09-03T17:26:01+00:00,BFM,Google Notícias,Notícia sobre antissemitismo e temas correlatos,https://news.google.com/rss/articles/CBMijgJBVV95cUxQSDJYQVRhQ2FfN0VHbk1BWVFUQnVGbnF5TElBRDdaWkdZX192STRMMG9iUHQwUjU1cG1DRWljR2VvTGVoVjFtTFpKakx1RDJtR3BFazFZdmlrX0d1bXRlSlg3OWFkS2JxQWhFMzQ5YmpZd3RIZDI3NWg3WWpjQTdLbVVHbzBCcGhiZWJKVlBHLUxveUR4YTlpbTVnQWpNX3lyS3JHZ1NYUk11NWV6eGtLRmNpeE9XenhMbi1Ya3Z0T1VELW16WktVQVBVcHloS0Q2V2p4eXpwQ3k5Nkx5SDlrOEZFTGpmREJsN3lSaTc5SUl5dnZlR1hiVmh3VGhKa2E4ODRDYWlXZ2xSVDZRSXc?oc=5
mundo,2026-09-03T17:27:04+00:00,Jewish Telegraphic Agency,,Notícia sobre antissemitismo e temas correlatos,https://www.jta.org/2026/09/03/global/spains-jewish-federation-reports-over-200-antisemitic-incidents-in-2025
mundo,2026-09-03T18:06:45+00:00,Jewish Telegraphic Agency,,Notícia sobre antissemitismo e temas correlatos,https://www.jta.org/2026/09/03/obituaries/gloria-steinem-jewish-feminist-trailblazer-dies-at-92
mundo,2026-09-03T18:54:37+00:00,itongadol.com,Google Notícias,Notícia sobre antissemitismo e temas correlatos,https://news.google.com/rss/articles/CBMinwJBVV95cUxNSURoc2t4dHpTZ2RQcm1vSVdfLUkzeUlLb1hUemN6eWlHRGtkYmdtb0FSbDRBOWFKaldQbWUwNlVwYktjd0FyckEwX1g3STN5NzItallNOGYtUjVtd1N5dmM3UmwyNXJ1cW8xT0tIb3RFWjhIN0locUg5TkFwNjVseTVXV3hWYkcxRzBJSFRSOFh5cnY0XzNFZE1Pdi1HcVkwWXpRUmtRa1NxYmpaSHBmNFFIaDBxZkJnOXBQOVgzMUo1aFFlc0xocGtHaVoyUy1EaUptR0EzdzhBSXRkOEN0UDNOaU9PWURpOVJUcG9CdzZJVnA1R25DVlJpdGdiN3QxdG8xTGZJdVk0UEt4bEdfdWJJQi1YVlZReVV1dW8taw?oc=5
mundo,2026-09-03T19:06:38+00:00,The Algemeiner,,Notícia sobre antissemitismo e temas correlatos,https://www.algemeiner.com/2026/09/03/neo-nazi-fighter-widely-condemned-antisemitic-slur-nazi-salutes-beating-jewish-opponent/
mundo,2026-09-03T19:34:28+00:00,The Algemeiner,,Notícia sobre antissemitismo e temas correlatos,https://www.algemeiner.com/2026/09/03/france-tightens-security-jewish-sites-ahead-high-holy-days-rising-antisemitic-threats/
mundo,2026-09-03T19:58:34+00:00,The Algemeiner,,Notícia sobre antissemitismo e temas correlatos,https://www.algemeiner.com/2026/09/03/new-nonprofit-publishing-company-jewish-israeli-zionist-writers-welcomes-submissions/
mundo,2026-09-03T20:41:58+00:00,Harvard Independent,Google Notícias,Notícia sobre antissemitismo e temas correlatos,https://news.google.com/rss/articles/CBMiigFBVV95cUxOLUk2cnVVcG4xNDlSQlVKT3d4WTZRYnJVMVByazZoZnpxXzZGZU1SYVc3LWJnMkU5d3ZnUDNscU8wek5PekdBWGdmal9fb3ozWTFyUExYcEY0aGE1bGxyajI1amVXSXZQcWhvSlM2QV8xRUt2TmVtNm1rNWw5NVh2cjdsVXI4SF9uZ0E?oc=5
mundo,2026-09-03T21:28:02+00:00,The Algemeiner,,Notícia sobre antissemitismo e temas correlatos,https://www.algemeiner.com/2026/09/03/antisemitic-pundits-hasan-piker-candace-owens-rejected-overwhelming-majority-democrats-republicans-poll-shows/
mundo,2026-09-03T22:09:46+00:00,StandWithUs,,Notícia sobre antissemitismo e temas correlatos,https://standwithus.com/news/legal/adl-ajma-brandeis-center-swu-and-cca-hadassah-and-jfna-issue-statement-on-hhs-ocr-guidance-addressing-antisemitic-discrimination-in-healthcare/
mundo,2026-09-03T22:16:21+00:00,The Jerusalem Post — Diaspora,,Notícia sobre antissemitismo e temas correlatos,https://www.jpost.com/diaspora/antisemitism/article-907555
mundo,2026-09-03T22:37:25+00:00,Aurora Israel,Google Notícias,Notícia sobre antissemitismo e temas correlatos,https://news.google.com/rss/articles/CBMilgFBVV95cUxObnByc3hqeGJ5cklndm45UWU2eV8tU3pvZmdPM1lJdWNtVDBNVkN3YlB2WTBIcXI4MDJCaVlqdmtCaFFZdFYxbXVqdDBBelFoVXA4cGZtbnlEdE1aamxCXy11RzVDdlhYRC1PTzlrRGdFQkIwd0U5blJTRlFvVExlbE5zSnkxSUoybTVKZGZlYlNQTkJ5RFE?oc=5
mundo,2026-09-04T01:32:41+00:00,Combat Antisemitism Movement,Google Notícias,Notícia sobre antissemitismo e temas correlatos,https://news.google.com/rss/articles/CBMizwFBVV95cUxQWUNoTWxnR25LejhCQmxBcXJlU1lKNjdqaFk4UzE3a3ZaWERXNkRUTUUxMExwMDNGbHlPQy13NHItZ2gzNWVDRDNWbVdHdTFQY3ZScmk1ZWVhRDg1QW5EVk5WYUphamhidThOSkxCbTdEV3VPWkJPcmFiLUJUZnlHRG0yS1NidURhV3N6cXJqUWRIM1dKcWJCWmF3LWdlc2RnVHRIdnlMNGJwMldPSmtJdUFwY2J3aERnY09LeFRZejk3ODdMUjI2bEVsc1VWaWM?oc=5
mundo,2026-09-04T02:48:32+00:00,The Jerusalem Post — Diaspora,,Notícia sobre antissemitismo e temas correlatos,https://www.jpost.com/diaspora/article-907563
mundo,2026-09-04T05:00:01+00:00,Tikvah Ideas,Google Notícias,Notícia sobre antissemitismo e temas correlatos,https://news.google.com/rss/articles/CBMijgFBVV95cUxORmEwa0JZSVpxTUJyZHIxVUltVHhTeW9xdUVWV2F6dWRkNWdUOTBmVmdxRjZQRDduQkNiZmc1MlpMY1JyQWlkNU81bU5wYWcyUzdISEtwcWdmWHcxXzJpdnBlUFZta0txcGlnV1NFWFotNGpsMjdKUU02Qjc5RnZWdjF0M3BPcnNISUJOdjFR?oc=5
mundo,2026-09-04T05:00:04+00:00,ici.fr,Google Notícias,Notícia sobre antissemitismo e temas correlatos,https://news.google.com/rss/articles/CBMikwJBVV95cUxPZ0NYWmZDZ1IybV9yZ3R5c2wtc3Q0MnFMNUpYUzJUT2lUUkotZXBidXRjUlNOYlpvczFOaWJZbzQzLVliWXJVZWtrOE11Qjc3ZXlSZG1BV2J5UXFUcHNmUVNHNnl4LXFvZGltbUM5M2NJRG5jaWhWeXJ4ZFgzc0hHSWlsbUs1bHRHZHowR2VmdlR6MFAxMkhMLUJHRGpjUXF5VXpaNmJVRnJsVzZqT2dYUWZBZ0tSdUJZWkdmMWpDTGFhRGVQMl9ubVAwaG9jM2h0NC1hMm40dU9QNHhUcVZrY1ZZMDY5RXlENlRvbGJaQ2VhdjRSWGN2TUZOU0JTNE9WamZwd21CWF9MWnlVZlZybnpyQQ?oc=5
mundo,2026-09-04T05:48:35+00:00,itongadol.com,Google Notícias,Notícia sobre antissemitismo e temas correlatos,https://news.google.com/rss/articles/CBMitAFBVV95cUxPRzh2TkRKYWl6Yl9YZmc1dWdzLU5uejRFOUhiVGV4eUFKWVFLTmVoNHl1TE9FbG1YUk5UMnNKV2pzZUZrVlpUeXhLYW1Qbi1lWDJ0SmN6eWRiRVBoTzZIS01zSFo2SUNuWjMxNzlsaXlaLUtEbmxCT1NyLTF0dGFGazlqUllDM1prdTc2cm84dU40b0k1dXNOcXNSQTJUc1F0VlhBRERyYkFsLVk5YVBvVmRjbko?oc=5
mundo,2026-09-04T06:37:00+00:00,ODS Radio,Google Notícias,Notícia sobre antissemitismo e temas correlatos,https://news.google.com/rss/articles/CBMizwFBVV95cUxOMTJaUXdsV215cmJJYXNGc1B2Q25RX2ppS0hwN0txeGRSVFdjSkhPRm41LWlRUnpHbDZFZlZiNmRpNXZoX0lWNDFublU2M25pT3djMjBQZUJBY1NWMW1YdTAtSnMwS09GWkRtanktdE55dTEtZDE1OWRob1hKOVgyRlBwczVNclk3NGVUNEFkWU9qenpuQzVrekZNdmZ5Qm5qeml5U0ZrWDJqS0prc2xrR1NabjVWRXdqRDZrYWdNM3BWXzI0cTNHc3h0djVCbm8?oc=5
mundo,2026-09-04T07:47:09+00:00,"TL7, Télévision loire 7",Google Notícias,Notícia sobre antissemitismo e temas correlatos,https://news.google.com/rss/articles/CBMi1AFBVV95cUxOMU9jaFhlbUJzQlJGZjJmb2tpS1d0TU13NFg0T3g2MDZvbzJMVXliZ0U3bEt5X3lBYmpSRXcxMkNHTVJpUEE2QXBkUzBLb0tHRE0wOXVJQ2RESVZUNU0zenFSU3lMU3B5ZkFnVGJaX1pkakZ2clk0aGFvcXlKY1dwN3FtN2ROMXBJam03M01BS1lkWWlhd1BZVGd3LTZNOXdXbHhDMEVJdW93WFN4U1ctT2t3RnBZdjF2dmxFNFFWMG83a3h3ejlqbG93LUlNTzNsUTZXOQ?oc=5
mundo,2026-09-04T10:44:00+00:00,La Montagne,Google Notícias,Notícia sobre antissemitismo e temas correlatos,https://news.google.com/rss/articles/CBMi5wFBVV95cUxOQzAwbVowSldxNTFya1NmRFJENjhqTGx5eGdXNTRKakV6ZlBFWW9QODlOa0RlUl9vTFotNFJtUF9rSlc3dmg4bEVVeXRVemNqWmxOUndEN3dWM2lwWTBPTXJHMjFxQzhRYll0UXg2V3BjYzU2a3pmcEpNYUI0OU9pZ0JoZkQ2bXJpa0hfUk1vNFlkUDFSTzdDTnVtakJiLW1IUkZ1dE1yUzlrTUlJYzV6cDVDWC1JOVQ4bzlUT0F4OG8xNHBjUTVOWXI0ZHdDVEFNV2UtWEdxVDRDV1dLNlVqRm9ybHpQdDA?oc=5
mundo,2026-09-04T11:00:16+00:00,Chicago Tribune,Google Notícias,Notícia sobre antissemitismo e temas correlatos,https://news.google.com/rss/articles/CBMimgFBVV95cUxPdi1WRUIxSjdsSWx1YWtwcXdaTDZrUHZuZHZzSDFCZVJ2Q1VkOTAzZDJ0d0Fid2FScUVKZnp5TmpLSHRTcXMtNkFWZTItcVhKajBkVUVtTjctRTI4M3NMR1lIOHNQSC1raEMwbXo0Rld2M1Jwa082OXNfZlJ2MF81YkpPRmtkUi1sdllLYWY0NG1NS011eTRQYVZ3?oc=5
mundo,2026-09-04T12:00:32+00:00,compactmag.com,Google Notícias,Notícia sobre antissemitismo e temas correlatos,https://news.google.com/rss/articles/CBMicEFVX3lxTE1GNi16NXlNaC1aVHdtak1PQWd0SVI2V1VscGdEalpHWE1hOXZJd1dhcTllR3hhQWxLR3NaOHkxaGZoRU5WYmZENkVuREVuXzg4blF5SVdleXd6ZTF1TTI0WTdFTFZCN09ZN0pSWU14aUo?oc=5
mundo,2026-09-04T12:18:43+00:00,itongadol.com,Google Notícias,Notícia sobre antissemitismo e temas correlatos,https://news.google.com/rss/articles/CBMikAFBVV95cUxNUnJFUzBkdWJaX2U2Y29Qa1A1SkkydEVuUExaVFBxTXluYVBma0s0Q3ZFRklzZ1hwYVB6alZpQzItNmduN0F0cngxTnBjbGNWSXNwLTV4OVNpUVEzU0pPdE1oSHAyR2dteW1hem9pSjlqQ3pzN1ZTRDI5YnpzS2NCV05TRExTbm0wWUhwVzdjSGo?oc=5
mundo,2026-09-04T14:08:18+00:00,Combat Antisemitism Movement,,Notícia sobre antissemitismo e temas correlatos,https://combatantisemitism.org/interview/holocaust-remembrance-means-little-if-we-fail-to-protect-living-jewish-communities-an-interview-with-spanish-mep-antonio-lopez-isturiz-white/
mundo,2026-09-04T14:12:41+00:00,Combat Antisemitism Movement,Google Notícias,Notícia sobre antissemitismo e temas correlatos,https://news.google.com/rss/articles/CBMijwJBVV95cUxPcTE1dTdrNzVncjVDUm4waTJwUnViQWc2bjNhbFVCQUFSTW52bVlWWmlIeUdlVlBlVGhMUU1DQTc5Q1B2MUZnSWxRSDZhaE1aTkpIVm1TaTR1QWduaWV4VGJPYVdrcG5DUmhJUVMzSlFTOG5pU2ZxcHZpSmx1OW5seUliVmJiNks2VWh2MTFwWmFybVFidEVxUUZhRFJVbkhnRnBfTGFPbk51UW9ZX2xZbHhQWk8xdEp6blVRX2NGZHRFdVQxaW5iRExVSkhhS3NhU1BPX1ZUTUw3OWs4Z2pDRTN6cE9TcUV0MHdtSmdPUG1SRjZ3c2dCd3BXX3pyVEptZlJtWjZra19rdTNrdTlJ?oc=5
mundo,2026-09-04T16:21:28+00:00,The Jerusalem Post — Diaspora,,Notícia sobre antissemitismo e temas correlatos,https://www.jpost.com/diaspora/antisemitism/article-907599
